{
  "structures": [
    {
      "structure": "more_structures:sailship_cold_ocean",
      "weight": 1
    },
    {
      "structure": "more_structures:sailship_deep_ocean",
      "weight": 1
    },
    {
      "structure": "more_structures:sailship_lukewarm_ocean",
      "weight": 1
    },
    {
      "structure": "more_structures:sailship_ocean",
      "weight": 1
    },
    {
      "structure": "more_structures:sailship_deep_cold_ocean",
      "weight": 1
    }
  ],
  "placement": {
    "salt": 30084230,
    "spacing": 27,
    "separation": 4,
    "type": "minecraft:random_spread"
  }
}