{
  "structures": [
    {
      "structure": "more_structures:village_badlands",
      "weight": 1
    },
    {
      "structure": "more_structures:village_coastline",
      "weight": 1
    },
    {
      "structure": "more_structures:village_flower_forest",
      "weight": 1
    },
    {
      "structure": "more_structures:village_forest",
      "weight": 1
    },
    {
      "structure": "more_structures:village_grove",
      "weight": 1
    },
    {
      "structure": "more_structures:village_jungle",
      "weight": 1
    },
    {
      "structure": "more_structures:village_meadow",
      "weight": 1
    },
    {
      "structure": "more_structures:village_old_growth_taiga",
      "weight": 1
    },
    {
      "structure": "more_structures:village_snowy_slopes",
      "weight": 1
    },
    {
      "structure": "more_structures:village_sunflower_plains",
      "weight": 1
    },
    {
      "structure": "more_structures:village_swamp",
      "weight": 1
    },
    {
      "structure": "more_structures:village_wooded_badlands",
      "weight": 1
    },
    {
      "structure": "more_structures:exclusives/village_mediterranean",
      "weight": 1
    },
    {
      "structure": "more_structures:exclusives/village_swedish",
      "weight": 1
    },
    {
      "structure": "more_structures:village_sparse_jungle",
      "weight": 1
    },
    {
      "structure": "more_structures:exclusives/village_tudor",
      "weight": 1
    }
  ],
  "placement": {
    "salt": 10387309,
    "spacing": 34,
    "separation": 8,
    "type": "minecraft:random_spread"
  }
}