{
  "pools": [
    {
      "rolls": {
        "min": 4,
        "max": 12
      },
      "entries": [
        {
          "type": "minecraft:item",
          "weight": 20,
          "name": "minecraft:golden_apple"
        },
        {
          "type": "minecraft:item",
          "weight": 150,
          "name": "minecraft:string"
        },
        {
          "type": "minecraft:item",
          "weight": 60,
          "name": "minecraft:iron_nugget"
        },
        {
          "type": "minecraft:item",
          "weight": 100,
          "name": "minecraft:gunpowder"
        },
        {
          "type": "minecraft:item",
          "weight": 20,
          "name": "minecraft:iron_ingot"
        },
        {
          "type": "minecraft:item",
          "weight": 500,
          "name": "minecraft:red_mushroom"
        },
        {
          "type": "minecraft:item",
          "weight": 500,
          "name": "minecraft:brown_mushroom"
        },
        {
          "type": "minecraft:item",
          "weight": 1000,
          "name": "minecraft:stick"
        },
        {
          "type": "minecraft:item",
          "weight": 500,
          "name": "minecraft:bowl"
        },
        {
          "type": "minecraft:item",
          "weight": 250,
          "name": "minecraft:book"
        },
        {
          "type": "minecraft:item",
          "weight": 500,
          "name": "minecraft:wheat"
        },
        {
          "type": "minecraft:item",
          "weight": 40,
          "name": "minecraft:emerald"
        },
        {
          "type": "minecraft:item",
          "weight": 250,
          "name": "minecraft:bone"
        },
        {
          "type": "minecraft:item",
          "weight": 190,
          "name": "minecraft:bone_meal"
        },
        {
          "type": "minecraft:item",
          "weight": 250,
          "name": "minecraft:bread"
        },
        {
          "type": "minecraft:item",
          "weight": 5,
          "name": "minecraft:totem_of_undying"
        },
        {
          "type": "minecraft:item",
          "weight": 20,
          "name": "minecraft:book",
          "functions": [
            {
              "function": "minecraft:enchant_with_levels",
              "levels": 30,
              "treasure": true
            }
          ]
        },
	    {
          "type": "minecraft:item",
          "name": "minecraft:goat_horn",
		  "weight": 5,
          "functions": [
           {
             "function": "minecraft:set_instrument",
             "options": "#minecraft:regular_goat_horns"
           }
                       ]
        }
      ]
    }
  ]
}