{
	"processors": [
		{
			"processor_type": "minecraft:rule",
			"rules": [
				{
					"location_predicate": {
						"predicate_type": "minecraft:always_true"
					},
					"input_predicate": {
						"predicate_type": "minecraft:random_block_match",
						"block": "minecraft:stone_bricks",
						"probability": 0.02
					},
					"output_state": {
						"Name": "minecraft:sea_lantern"
					}
				},
				{
					"location_predicate": {
						"predicate_type": "minecraft:always_true"
					},
					"input_predicate": {
						"predicate_type": "minecraft:random_block_match",
						"block": "minecraft:stone_bricks",
						"probability": 0.01
					},
					"output_state": {
						"Name": "minecraft:prismarine"
					}
				},
				{
					"location_predicate": {
						"predicate_type": "minecraft:always_true"
					},
					"input_predicate": {
						"predicate_type": "minecraft:random_block_match",
						"block": "minecraft:stone_bricks",
						"probability": 0.4
					},
					"output_state": {
						"Name": "minecraft:mossy_stone_bricks"
					}
				},
				{
					"location_predicate": {
						"predicate_type": "minecraft:always_true"
					},
					"input_predicate": {
						"predicate_type": "minecraft:random_block_match",
						"block": "minecraft:stone_bricks",
						"probability": 0.2
					},
					"output_state": {
						"Name": "minecraft:cracked_stone_bricks"
					}
				},
				{
					"location_predicate": {
						"predicate_type": "minecraft:always_true"
					},
					"input_predicate": {
						"predicate_type": "minecraft:random_block_match",
						"block": "minecraft:stone_bricks",
						"probability": 0.27
					},
					"output_state": {
						"Name": "minecraft:gravel"
					}
				}
			]
		}
	]
}
