{
    "pools": [
        {
            "rolls": {
                "min": 4,
                "max": 6
            },
            "entries": [
                {
                    "type": "minecraft:item",
                    "weight": 2,
                    "name": "minecraft:bookshelf",
                    "functions": [
                        {
                            "function": "minecraft:set_count",
                            "count": {
                                "min": 0,
                                "max": 2
                            },
                            "add": false
                        }
                    ]
                },
                {
                    "type": "minecraft:item",
                    "weight": 16,
                    "name": "minecraft:experience_bottle",
                    "functions": [
                        {
                            "function": "minecraft:set_count",
                            "count": {
                                "min": 1,
                                "max": 5
                            },
                            "add": false
                        }
                    ]
                },
                {
                    "type": "minecraft:item",
                    "weight": 15,
                    "name": "minecraft:book",
                    "functions": [
                        {
                            "function": "minecraft:enchant_randomly"
                        }
                    ]
                },
                {
                    "type": "minecraft:item",
                    "weight": 18,
                    "name": "minecraft:book",
                    "functions": [
                        {
                            "function": "minecraft:set_count",
                            "count": {
                                "min": 0,
                                "max": 3
                            },
                            "add": false
                        }
                    ]
                }
            ]
        }
    ]
}