{
    "pools": [
        {
            "rolls": 1,
            "entries": [
                {
                    "type": "minecraft:item",
                    "weight": 2,
                    "name": "minecraft:potion",
                    "functions": [
                        {
                            "function": "minecraft:set_potion",
                            "id": "minecraft:fire_resistance"
                        }
                    ]
                },
                {
                    "type": "minecraft:item",
                    "weight": 2,
                    "name": "minecraft:potion",
                    "functions": [
                        {
                            "function": "minecraft:set_potion",
                            "id": "minecraft:swiftness"
                        }
                    ]
                },
                {
                    "type": "minecraft:item",
                    "weight": 2,
                    "name": "minecraft:potion",
                    "functions": [
                        {
                            "function": "minecraft:set_potion",
                            "id": "minecraft:strong_healing"
                        }
                    ]
                },
                {
                    "type": "minecraft:item",
                    "weight": 2,
                    "name": "minecraft:splash_potion",
                    "functions": [
                        {
                            "function": "minecraft:set_potion",
                            "id": "minecraft:swiftness"
                        }
                    ]
                },
                {
                    "type": "minecraft:item",
                    "weight": 2,
                    "name": "minecraft:splash_potion",
                    "functions": [
                        {
                            "function": "minecraft:set_potion",
                            "id": "minecraft:slowness"
                        }
                    ]
                },
                {
                    "type": "minecraft:item",
                    "weight": 2,
                    "name": "minecraft:splash_potion",
                    "functions": [
                        {
                            "function": "minecraft:set_potion",
                            "id": "minecraft:poison"
                        }
                    ]
                },
                {
                    "type": "minecraft:item",
                    "weight": 2,
                    "name": "minecraft:splash_potion",
                    "functions": [
                        {
                            "function": "minecraft:set_potion",
                            "id": "minecraft:harming"
                        }
                    ]
                }
            ]
        }
    ]
}