{
  "feature": "minecraft:glow_lichen",
  "placement": [
    {
      "count": {
        "type": "minecraft:uniform",
        "value": {
          "min_inclusive": 104,
          "max_inclusive": 157
        }
      },
      "type": "minecraft:count"
    },
    {
      "height": {
        "min_inclusive": {
          "above_bottom": 0
        },
        "max_inclusive": {
          "absolute": 256
        },
        "type": "minecraft:uniform"
      },
      "type": "minecraft:height_range"
    },
    {
      "type": "minecraft:in_square"
    },
    {
      "heightmap": "OCEAN_FLOOR_WG",
      "max_inclusive": -13,
      "type": "minecraft:surface_relative_threshold_filter"
    },
    {
      "type": "minecraft:biome"
    }
  ]
}