{
  "feature": "minecraft:lake_lava",
  "placement": [
    {
      "chance": 9,
      "type": "minecraft:rarity_filter"
    },
    {
      "type": "minecraft:in_square"
    },
    {
      "height": {
        "min_inclusive": {
          "absolute": 0
        },
        "max_inclusive": {
          "below_top": 0
        },
        "type": "minecraft:uniform"
      },
      "type": "minecraft:height_range"
    },
    {
      "direction_of_search": "down",
      "target_condition": {
        "predicates": [
          {
            "predicate": {
              "blocks": [
                "minecraft:air"
              ],
              "type": "minecraft:matching_blocks"
            },
            "type": "minecraft:not"
          },
          {
            "offset": [
              0,
              -5,
              0
            ],
            "type": "minecraft:inside_world_bounds"
          }
        ],
        "type": "minecraft:all_of"
      },
      "max_steps": 32,
      "type": "minecraft:environment_scan"
    },
    {
      "heightmap": "OCEAN_FLOOR_WG",
      "max_inclusive": -5,
      "type": "minecraft:surface_relative_threshold_filter"
    },
    {
      "type": "minecraft:biome"
    }
  ]
}