{
    "replace": false,
    "values": [
        "#minecraft:is_mountain",
        "minecraft:desert",
        {"id": "terralith:ancient_sands", "required": false},
        {"id": "terralith:desert_canyon", "required": false},
        {"id": "terralith:gravel_desert", "required": false},
        {"id": "terralith:ice_marsh", "required": false},
        {"id": "terralith:mountain_steppe", "required": false},
        {"id": "terralith:painted_mountains", "required": false},
        {"id": "terralith:rocky_mountains", "required": false},
        {"id": "terralith:stony_spires", "required": false},
        {"id": "wythers:underground", "required": false}
    ]
}