{
    "name": "1_splatus:village/buildings",
    "fallback": "minecraft:empty",
    "elements": [
      {
        "weight": 2,
        "element": {
          "location": "1_splatus:village/houses/lightning_pillar",
          "processors": "1_splatus:cracked_bricks",
          "projection": "rigid",
          "element_type": "minecraft:single_pool_element"
        }
      },
      {
        "weight": 2,
        "element": {
          "location": "1_splatus:village/houses/house_cleric",
          "processors": "1_splatus:cracked_bricks",
          "projection": "rigid",
          "element_type": "minecraft:single_pool_element"
        }
      },
      {
        "weight": 2,
        "element": {
          "location": "1_splatus:village/houses/house_mason",
          "processors": "1_splatus:cracked_bricks",
          "projection": "rigid",
          "element_type": "minecraft:single_pool_element"
        }
      },
      {
        "weight": 2,
        "element": {
          "location": "1_splatus:village/houses/hut_1",
          "processors": "1_splatus:cracked_bricks",
          "projection": "rigid",
          "element_type": "minecraft:single_pool_element"
        }
      },
      {
        "weight": 2,
        "element": {
          "location": "1_splatus:village/houses/stone_hut_1",
          "processors": "1_splatus:cracked_bricks",
          "projection": "rigid",
          "element_type": "minecraft:single_pool_element"
        }
      },
      {
        "weight": 2,
        "element": {
          "location": "1_splatus:village/houses/stone_hut_2",
          "processors": "1_splatus:cracked_bricks",
          "projection": "rigid",
          "element_type": "minecraft:single_pool_element"
        }
      },
      
      
      {
        "weight": 2,
        "element": {
          "location": "1_splatus:village/houses/house_weaponsmith",
          "processors": "1_splatus:cracked_bricks",
          "projection": "rigid",
          "element_type": "minecraft:single_pool_element"
        }
      },
      {
        "weight": 2,
        "element": {
          "location": "1_splatus:village/houses/small_house_1",
          "processors": "1_splatus:cracked_bricks",
          "projection": "rigid",
          "element_type": "minecraft:single_pool_element"
        }
      },
      {
        "weight": 2,
        "element": {
          "location": "1_splatus:village/houses/small_house_2",
          "processors": "1_splatus:cracked_bricks",
          "projection": "rigid",
          "element_type": "minecraft:single_pool_element"
        }
      },
      {
        "weight": 2,
        "element": {
          "location": "1_splatus:village/houses/small_house_3",
          "processors": "1_splatus:cracked_bricks",
          "projection": "rigid",
          "element_type": "minecraft:single_pool_element"
        }
      },
      {
        "weight": 2,
        "element": {
          "location": "1_splatus:village/houses/house_armorer",
          "processors": "1_splatus:cracked_bricks",
          "projection": "rigid",
          "element_type": "minecraft:single_pool_element"
        }
      },
      {
        "weight": 1,
        "element": {
          "location": "1_splatus:village/houses/house_librarian",
          "processors": "1_splatus:cracked_bricks",
          "projection": "rigid",
          "element_type": "minecraft:single_pool_element"
        }
      },   {
        "weight": 2,
        "element": {
          "location": "1_splatus:village/houses/big_house_2",
          "processors": "1_splatus:cracked_bricks",
          "projection": "rigid",
          "element_type": "minecraft:single_pool_element"
        }
      },   {
        "weight": 2,
        "element": {
          "location": "1_splatus:village/houses/big_house_1",
          "processors": "1_splatus:cracked_bricks",
          "projection": "rigid",
          "element_type": "minecraft:single_pool_element"
        }
      },
      
      {
        "weight": 40,
        "element": {  
          "projection": "rigid",
          "element_type": "minecraft:empty_pool_element"
        }
      },
      {
        "weight": 2,
        "element": {
          "location": "1_splatus:village/houses/small_house_4",
          "processors": "1_splatus:cracked_bricks",
          "projection": "rigid",
          "element_type": "minecraft:single_pool_element"
        }
      },
      {
        "weight": 1,
        "element": {
          "location": "1_splatus:village/houses/house_librarian2",
          "processors": "1_splatus:cracked_bricks",
          "projection": "rigid",
          "element_type": "minecraft:single_pool_element"
        }
      },
      {
        "weight": 2,
        "element": {
          "location": "1_splatus:village/houses/market",
          "processors": "1_splatus:cracked_bricks",
          "projection": "rigid",
          "element_type": "minecraft:single_pool_element"
        }
      },
      {
        "weight": 2,
        "element": {
          "location": "1_splatus:village/other/lava_collector",
          "processors": "1_splatus:cracked_bricks",
          "projection": "rigid",
          "element_type": "minecraft:single_pool_element"
        }
      },
      {
        "weight": 2,
        "element": {
          "location": "1_splatus:village/other/mine",
          "processors": "1_splatus:cracked_bricks",
          "projection": "rigid",
          "element_type": "minecraft:single_pool_element"
        }
      }
    ]
  }