{
    "name": "1_splatus:village/decor",
    "fallback": "minecraft:empty",
    "elements": [
     
      {
        "weight": 6,
        "element": {
          "location": "1_splatus:village/decor/lantern_post",
          "processors": "minecraft:empty",
          "projection": "rigid",
          "element_type": "minecraft:single_pool_element"
        }
      },






      {
        "weight": 1,
        "element": {
          "location": "1_splatus:village/decor/farm1",
          "processors": "minecraft:empty",
          "projection": "rigid",
          "element_type": "minecraft:single_pool_element"
        }
      },

      {
        "weight": 1,
        "element": {
          "location": "1_splatus:village/decor/farm2",
          "processors": "minecraft:empty",
          "projection": "rigid",
          "element_type": "minecraft:single_pool_element"
        }
      },
      {
        "weight": 1,
        "element": {
          "location": "1_splatus:village/decor/farm3",
          "processors": "minecraft:empty",
          "projection": "rigid",
          "element_type": "minecraft:single_pool_element"
        }
      },

      {
        "weight": 1,
        "element": {
          "location": "1_splatus:village/decor/hay1",
          "processors": "minecraft:empty",
          "projection": "terrain_matching",
          "element_type": "minecraft:single_pool_element"
        }
      },
      {
        "weight": 1,
        "element": {
          "location": "1_splatus:village/decor/hay2",
          "processors": "minecraft:empty",
          "projection": "terrain_matching",
          "element_type": "minecraft:single_pool_element"
        }
      },
      {
        "weight": 1,
        "element": {
          "location": "1_splatus:village/decor/hay3",
          "processors": "minecraft:empty",
          "projection": "terrain_matching",
          "element_type": "minecraft:single_pool_element"
        }
      },
      
      {
        "weight": 36,
        "element": {  
          "projection": "rigid",
          "element_type": "minecraft:empty_pool_element"
        }
      }
    ]
  }