{
    "replace": false,
    "values": [
      "minecraft:windswept_hills",
      "minecraft:windswept_gravelly_hills",
      "minecraft:stony_peaks",
      "minecraft:grove",
      "minecraft:snowy_slopes",
      "minecraft:snowy_taiga",
      "minecraft:jagged_peaks",
      
  
      {
        "id": "terralith:siberian_taiga",
        "required": false
    },
    {
        "id": "terralith:siberian_grove",
        "required": false
    },
    {
        "id": "terralith:yosemite_cliffs",
        "required": false
    },
    {
        "id": "terralith:yosemite_lowlands",
        "required": false
    },
    
    {
        "id": "terralith:snowy_maple_forest",
        "required": false
    },
    {
        "id": "terralith:wintry_forest",
        "required": false
    },
    {
        "id": "terralith:rocky_mountains",
        "required": false
    }
    ,
    {
        "id": "terralith:snowy_shield",
        "required": false
    }





    


      
    ]
  }
  