{
  "name": "fusionmc:village/flower_forest/houses",
  "fallback": "fusionmc:village/flower_forest/terminators",
  "elements": [
    {
      "weight": 5,
      "element": {
        "location": "fusionmc:village/flower_forest/houses/flower_forest_small_house_1",
        "processors": "minecraft:mossify_10_percent",
        "projection": "rigid",
        "element_type": "minecraft:legacy_single_pool_element"
      }
    },
    {
      "weight": 4,
      "element": {
        "location": "fusionmc:village/flower_forest/houses/flower_forest_small_house_2",
        "processors": "minecraft:mossify_10_percent",
        "projection": "rigid",
        "element_type": "minecraft:legacy_single_pool_element"
      }
    },
    {
      "weight": 4,
      "element": {
        "location": "fusionmc:village/flower_forest/houses/flower_forest_small_house_3",
        "processors": "minecraft:mossify_10_percent",
        "projection": "rigid",
        "element_type": "minecraft:legacy_single_pool_element"
      }
    },
    {
      "weight": 4,
      "element": {
        "location": "fusionmc:village/flower_forest/houses/flower_forest_small_house_4",
        "processors": "minecraft:mossify_10_percent",
        "projection": "rigid",
        "element_type": "minecraft:legacy_single_pool_element"
      }
    },
    {
      "weight": 4,
      "element": {
        "location": "fusionmc:village/flower_forest/houses/flower_forest_small_house_5",
        "processors": "minecraft:mossify_10_percent",
        "projection": "rigid",
        "element_type": "minecraft:legacy_single_pool_element"
      }
    },
    {
      "weight": 4,
      "element": {
        "location": "fusionmc:village/flower_forest/houses/flower_forest_small_house_6",
        "processors": "minecraft:mossify_10_percent",
        "projection": "rigid",
        "element_type": "minecraft:legacy_single_pool_element"
      }
    },
    {
      "weight": 4,
      "element": {
        "location": "fusionmc:village/flower_forest/houses/flower_forest_medium_house_1",
        "processors": "minecraft:mossify_10_percent",
        "projection": "rigid",
        "element_type": "minecraft:legacy_single_pool_element"
      }
    },
    {
      "weight": 4,
      "element": {
        "location": "fusionmc:village/flower_forest/houses/flower_forest_big_house_1",
        "processors": "minecraft:mossify_10_percent",
        "projection": "rigid",
        "element_type": "minecraft:legacy_single_pool_element"
      }
    },
    {
      "weight": 4,
      "element": {
        "location": "fusionmc:village/flower_forest/houses/flower_forest_butcher_shop_1",
        "processors": "minecraft:mossify_10_percent",
        "projection": "rigid",
        "element_type": "minecraft:legacy_single_pool_element"
      }
    },
    {
      "weight": 4,
      "element": {
        "location": "fusionmc:village/flower_forest/houses/flower_forest_tool_smith_1",
        "processors": "minecraft:mossify_10_percent",
        "projection": "rigid",
        "element_type": "minecraft:legacy_single_pool_element"
      }
    },
    {
      "weight": 4,
      "element": {
        "location": "fusionmc:village/flower_forest/houses/flower_forest_fletcher_house_1",
        "processors": "minecraft:mossify_10_percent",
        "projection": "rigid",
        "element_type": "minecraft:legacy_single_pool_element"
      }
    },
    {
      "weight": 3,
      "element": {
        "location": "fusionmc:village/flower_forest/houses/flower_forest_shepherds_house_1",
        "processors": "minecraft:mossify_10_percent",
        "projection": "rigid",
        "element_type": "minecraft:legacy_single_pool_element"
      }
    },
    {
      "weight": 4,
      "element": {
        "location": "fusionmc:village/flower_forest/houses/flower_forest_armorer_house_1",
        "processors": "minecraft:mossify_10_percent",
        "projection": "rigid",
        "element_type": "minecraft:legacy_single_pool_element"
      }
    },
    {
      "weight": 4,
      "element": {
        "location": "fusionmc:village/flower_forest/houses/flower_forest_fisher_house_1",
        "processors": "minecraft:mossify_10_percent",
        "projection": "rigid",
        "element_type": "minecraft:legacy_single_pool_element"
      }
    },
    {
      "weight": 4,
      "element": {
        "location": "fusionmc:village/flower_forest/houses/flower_forest_tannery_1",
        "processors": "minecraft:mossify_10_percent",
        "projection": "rigid",
        "element_type": "minecraft:legacy_single_pool_element"
      }
    },
    {
      "weight": 3,
      "element": {
        "location": "fusionmc:village/flower_forest/houses/flower_forest_cartographer_1",
        "processors": "minecraft:mossify_10_percent",
        "projection": "rigid",
        "element_type": "minecraft:legacy_single_pool_element"
      }
    },
    {
      "weight": 6,
      "element": {
        "location": "fusionmc:village/flower_forest/houses/flower_forest_library_1",
        "processors": "minecraft:mossify_10_percent",
        "projection": "rigid",
        "element_type": "minecraft:legacy_single_pool_element"
      }
    },
    {
      "weight": 2,
      "element": {
        "location": "fusionmc:village/flower_forest/houses/flower_forest_masons_house_1",
        "processors": "minecraft:mossify_10_percent",
        "projection": "rigid",
        "element_type": "minecraft:legacy_single_pool_element"
      }
    },
    {
      "weight": 5,
      "element": {
        "location": "fusionmc:village/flower_forest/houses/flower_forest_weaponsmith_1",
        "processors": "minecraft:mossify_10_percent",
        "projection": "rigid",
        "element_type": "minecraft:legacy_single_pool_element"
      }
    },
    {
      "weight": 5,
      "element": {
        "location": "fusionmc:village/flower_forest/houses/flower_forest_temple_1",
        "processors": "minecraft:mossify_10_percent",
        "projection": "rigid",
        "element_type": "minecraft:legacy_single_pool_element"
      }
    },
    {
      "weight": 2,
      "element": {
        "location": "fusionmc:village/flower_forest/houses/flower_forest_stable_1",
        "processors": "minecraft:mossify_10_percent",
        "projection": "rigid",
        "element_type": "minecraft:legacy_single_pool_element"
      }
    },
    {
      "weight": 2,
      "element": {
        "location": "fusionmc:village/flower_forest/houses/flower_forest_large_farm_1",
        "processors": "minecraft:farm_plains",
        "projection": "rigid",
        "element_type": "minecraft:legacy_single_pool_element"
      }
    },
    {
      "weight": 2,
      "element": {
        "location": "fusionmc:village/flower_forest/houses/flower_forest_small_farm_1",
        "processors": "minecraft:farm_plains",
        "projection": "rigid",
        "element_type": "minecraft:legacy_single_pool_element"
      }
    },
    {
      "weight": 1,
      "element": {
        "location": "fusionmc:village/flower_forest/houses/flower_forest_animal_pen_1",
        "processors": "minecraft:empty",
        "projection": "rigid",
        "element_type": "minecraft:legacy_single_pool_element"
      }
    },
    {
      "weight": 1,
      "element": {
        "location": "fusionmc:village/flower_forest/houses/flower_forest_animal_pen_2",
        "processors": "minecraft:empty",
        "projection": "rigid",
        "element_type": "minecraft:legacy_single_pool_element"
      }
    },
    {
      "weight": 1,
      "element": {
        "location": "fusionmc:village/flower_forest/houses/flower_forest_animal_pen_3",
        "processors": "minecraft:empty",
        "projection": "rigid",
        "element_type": "minecraft:legacy_single_pool_element"
      }
    },
    {
      "weight": 2,
      "element": {
        "location": "fusionmc:village/flower_forest/houses/flower_forest_meeting_point_3",
        "processors": "minecraft:mossify_10_percent",
        "projection": "rigid",
        "element_type": "minecraft:legacy_single_pool_element"
      }
    },
    {
      "weight": 1,
      "element": {
        "location": "fusionmc:village/flower_forest/houses/flower_forest_meeting_point_4",
        "processors": "minecraft:mossify_70_percent",
        "projection": "rigid",
        "element_type": "minecraft:legacy_single_pool_element"
      }
    },
    {
      "weight": 2,
      "element": {
        "element_type": "minecraft:empty_pool_element"
      }
    }
  ]
}