{
  "structures": [
    {
      "structure": "hopo:wood_aca_mineshaft",
      "weight": 10
    },
    {
      "structure": "hopo:wood_bir_mineshaft",
      "weight": 10
    },
    {
      "structure": "hopo:wood_dar_mineshaft",
      "weight": 10
    },
    {
      "structure": "hopo:wood_jun_mineshaft",
      "weight": 10
    },
    {
      "structure": "hopo:wood_oak_mineshaft",
      "weight": 10
    },
    {
      "structure": "hopo:wood_spr_mineshaft",
      "weight": 10
    }
  ],
  "placement": {
    "type": "minecraft:random_spread",
    "spacing": 30,
    "separation": 16,
    "salt": 17777771 
  }
}
