{
    "processors": [
        {
			"processor_type": "minecraft:rule",
			"rules": [
				{
					"location_predicate": {
						"predicate_type": "minecraft:always_true"
					},
					"input_predicate": {
						"predicate_type": "minecraft:random_block_match",
						"block": "minecraft:campfire",
						"probability": 0.2
					},
					"output_state": {
						"Name": "minecraft:jungle_leaves",
						"Properties": {
							"distance": "1",
							"persistent": "true"
						}
					}
				}
			]
		}
    ]
}