{
	"structures": [
		{
			"structure": "ctov:village_beach",
			"weight": 1
		},
		{
			"structure": "ctov:village_dark_forest",
			"weight": 1
		},
		{
			"structure": "ctov:village_jungle",
			"weight": 1
		},
		{
			"structure": "ctov:village_mesa",
			"weight": 1
		},
		{
			"structure": "ctov:village_mountain",
			"weight": 1
		},
		{
			"structure": "ctov:village_mushroom",
			"weight": 1
		},
		{
			"structure": "ctov:village_swamp",
			"weight": 1
		},
		{
			"structure": "minecraft:village_desert",
			"weight": 1
		},
		{
			"structure": "minecraft:village_plains",
			"weight": 1
		},
		{
			"structure": "minecraft:village_savanna",
			"weight": 1
		},
		{
			"structure": "minecraft:village_snowy",
			"weight": 1
		},
		{
			"structure": "minecraft:village_taiga",
			"weight": 1
		}
	],
	"placement": {
		"type": "minecraft:random_spread",
		"salt": 10387312,
		"spacing": 64,
		"separation": 32
	}
}