{
  "name": "ercerus:balloons/small/balloon",
  "fallback": "minecraft:empty",
  "elements": [
    {
      "weight": 1,
      "element": {
        "element_type": "minecraft:single_pool_element",
        "location": "ercerus:balloons/small/balloon/red_and_white_stripes",
        "projection": "rigid",
        "processors": "minecraft:empty"
      }
    },
	{
      "weight": 1,
      "element": {
        "element_type": "minecraft:single_pool_element",
        "location": "ercerus:balloons/small/balloon/lime_and_white_stripes",
        "projection": "rigid",
        "processors": "minecraft:empty"
      }
    },
	{
      "weight": 1,
      "element": {
        "element_type": "minecraft:single_pool_element",
        "location": "ercerus:balloons/small/balloon/yellow_and_white_stripes",
        "projection": "rigid",
        "processors": "minecraft:empty"
      }
    },
	{
      "weight": 1,
      "element": {
        "element_type": "minecraft:single_pool_element",
        "location": "ercerus:balloons/small/balloon/light_blue_and_white_stripes",
        "projection": "rigid",
        "processors": "minecraft:empty"
      }
    },
	{
      "weight": 4,
      "element": {
        "element_type": "minecraft:single_pool_element",
        "location": "ercerus:balloons/small/balloon/green",
        "projection": "rigid",
        "processors": "minecraft:empty"
      }
    },
	{
      "weight": 4,
      "element": {
        "element_type": "minecraft:single_pool_element",
        "location": "ercerus:balloons/small/balloon/blue",
        "projection": "rigid",
        "processors": "minecraft:empty"
      }
    },
	{
      "weight": 4,
      "element": {
        "element_type": "minecraft:single_pool_element",
        "location": "ercerus:balloons/small/balloon/purple",
        "projection": "rigid",
        "processors": "minecraft:empty"
      }
    },
	{
      "weight": 4,
      "element": {
        "element_type": "minecraft:single_pool_element",
        "location": "ercerus:balloons/small/balloon/starfield",
        "projection": "rigid",
        "processors": "minecraft:empty"
      }
    },
	{
      "weight": 4,
      "element": {
        "element_type": "minecraft:single_pool_element",
        "location": "ercerus:balloons/small/balloon/white",
        "projection": "rigid",
        "processors": "minecraft:empty"
      }
    },
	{
      "weight": 4,
      "element": {
        "element_type": "minecraft:single_pool_element",
        "location": "ercerus:balloons/small/balloon/yellow",
        "projection": "rigid",
        "processors": "minecraft:empty"
      }
    },
	{
      "weight": 4,
      "element": {
        "element_type": "minecraft:single_pool_element",
        "location": "ercerus:balloons/small/balloon/rainbow",
        "projection": "rigid",
        "processors": "minecraft:empty"
      }
    },
	{
      "weight": 4,
      "element": {
        "element_type": "minecraft:single_pool_element",
        "location": "ercerus:balloons/small/balloon/black_yellow_white",
        "projection": "rigid",
        "processors": "minecraft:empty"
      }
    },
	{
      "weight": 4,
      "element": {
        "element_type": "minecraft:single_pool_element",
        "location": "ercerus:balloons/small/balloon/red",
        "projection": "rigid",
        "processors": "minecraft:empty"
      }
    }
  ]
}
