{
  "name": "ercerus:balloons/small/cabin",
  "fallback": "minecraft:empty",
  "elements": [
    {
      "weight": 1,
      "element": {
        "element_type": "minecraft:single_pool_element",
        "location": "ercerus:balloons/small/cabin/oak",
        "projection": "rigid",
        "processors": "minecraft:empty"
      }
    },
	{
      "weight": 1,
      "element": {
        "element_type": "minecraft:single_pool_element",
        "location": "ercerus:balloons/small/cabin/birch",
        "projection": "rigid",
        "processors": "minecraft:empty"
      }
    },
	{
      "weight": 1,
      "element": {
        "element_type": "minecraft:single_pool_element",
        "location": "ercerus:balloons/small/cabin/spruce",
        "projection": "rigid",
        "processors": "minecraft:empty"
      }
    },
	{
      "weight": 1,
      "element": {
        "element_type": "minecraft:single_pool_element",
        "location": "ercerus:balloons/small/cabin/jungle",
        "projection": "rigid",
        "processors": "minecraft:empty"
      }
    },
	{
      "weight": 1,
      "element": {
        "element_type": "minecraft:single_pool_element",
        "location": "ercerus:balloons/small/cabin/acacia",
        "projection": "rigid",
        "processors": "minecraft:empty"
      }
    },
	{
      "weight": 1,
      "element": {
        "element_type": "minecraft:single_pool_element",
        "location": "ercerus:balloons/small/cabin/dark_oak",
        "projection": "rigid",
        "processors": "minecraft:empty"
      }
    }
  ]
}
