{
  "name": "ercerus:balloons/small/connector",
  "fallback": "minecraft:empty",
  "elements": [
    {
      "weight": 3,
      "element": {
        "element_type": "minecraft:single_pool_element",
        "location": "ercerus:balloons/small/connector/andesite",
        "projection": "rigid",
        "processors": "minecraft:empty"
      }
    },
	{
      "weight": 1,
      "element": {
        "element_type": "minecraft:single_pool_element",
        "location": "ercerus:balloons/small/connector/quartz",
        "projection": "rigid",
        "processors": "minecraft:empty"
      }
    }
  ]
}
