{
    "name": "ctov:village/mesa_fortified/deco",
    "fallback": "minecraft:empty",
    "elements": [
        {
            "weight": 1,
            "element": {
                "element_type": "minecraft:single_pool_element",
                "projection": "rigid",
                "processors": "minecraft:empty",
                "location": "ctov:village/mesa_fortified/deco/brazer"
            }
        },
        {
            "weight": 1,
            "element": {
                "element_type": "minecraft:single_pool_element",
                "projection": "rigid",
                "processors": "minecraft:empty",
                "location": "ctov:village/mesa_fortified/deco/stall_1"
            }
        },
        {
            "weight": 1,
            "element": {
                "element_type": "minecraft:single_pool_element",
                "projection": "rigid",
                "processors": "minecraft:empty",
                "location": "ctov:village/mesa_fortified/deco/stall_2"
            }
        },
        {
            "weight": 1,
            "element": {
                "element_type": "minecraft:single_pool_element",
                "projection": "rigid",
                "processors": "minecraft:empty",
                "location": "ctov:village/mesa_fortified/deco/statue"
            }
        },
        {
            "weight": 1,
            "element": {
                "element_type": "minecraft:single_pool_element",
                "projection": "rigid",
                "processors": "minecraft:empty",
                "location": "ctov:village/mesa_fortified/deco/tree_1"
            }
        },
        {
            "weight": 1,
            "element": {
                "element_type": "minecraft:single_pool_element",
                "projection": "rigid",
                "processors": "minecraft:empty",
                "location": "ctov:village/mesa_fortified/deco/tree_2"
            }
        },
        {
            "weight": 1,
            "element": {
                "element_type": "minecraft:single_pool_element",
                "projection": "rigid",
                "processors": "minecraft:empty",
                "location": "ctov:village/mesa_fortified/deco/tree_3"
            }
        },
        {
            "weight": 1,
            "element": {
                "element_type": "minecraft:single_pool_element",
                "projection": "rigid",
                "processors": "minecraft:empty",
                "location": "ctov:village/mesa_fortified/deco/tree_4"
            }
        },
        {
            "weight": 1,
            "element": {
                "element_type": "minecraft:single_pool_element",
                "projection": "rigid",
                "processors": "minecraft:empty",
                "location": "ctov:village/mesa_fortified/deco/well"
            }
        },
        {
          "weight": 2,
          "element": {
            "element_type": "minecraft:feature_pool_element",
            "projection": "rigid",
            "feature": "minecraft:patch_cactus"
          }
        },
        {
          "weight": 2,
          "element": {
            "element_type": "minecraft:feature_pool_element",
            "projection": "rigid",
            "feature": "minecraft:pile_hay"
          }
        },
        {
          "weight": 5,
          "element": {
            "element_type": "minecraft:empty_pool_element",
            "projection": "rigid"
          }
        }
    ]
}