{
    "name": "ctov:village/savanna/deco",
    "fallback": "minecraft:empty",
    "elements": [
        {
            "weight": 1,
            "element": {
                "element_type": "minecraft:single_pool_element",
                "projection": "rigid",
                "processors": "minecraft:empty",
                "location": "ctov:village/savanna/deco/bench"
            }
        },
        {
            "weight": 1,
            "element": {
                "element_type": "minecraft:single_pool_element",
                "projection": "rigid",
                "processors": "minecraft:empty",
                "location": "ctov:village/savanna/deco/campfire"
            }
        },
        {
            "weight": 1,
            "element": {
                "element_type": "minecraft:single_pool_element",
                "projection": "rigid",
                "processors": "minecraft:empty",
                "location": "ctov:village/savanna/deco/flower_pot"
            }
        },
        {
            "weight": 1,
            "element": {
                "element_type": "minecraft:single_pool_element",
                "projection": "rigid",
                "processors": "minecraft:empty",
                "location": "ctov:village/savanna/deco/fountain"
            }
        },
        {
            "weight": 1,
            "element": {
                "element_type": "minecraft:single_pool_element",
                "projection": "rigid",
                "processors": "minecraft:empty",
                "location": "ctov:village/savanna/deco/well"
            }
        },
        {
            "weight": 1,
            "element": {
                "element_type": "minecraft:single_pool_element",
                "projection": "rigid",
                "processors": "minecraft:empty",
                "location": "ctov:village/savanna/deco/lamp_1"
            }
        },
        {
            "weight": 1,
            "element": {
                "element_type": "minecraft:single_pool_element",
                "projection": "rigid",
                "processors": "minecraft:empty",
                "location": "ctov:village/savanna/deco/lamp_2"
            }
        },
        {
            "weight": 1,
            "element": {
                "element_type": "minecraft:single_pool_element",
                "projection": "rigid",
                "processors": "minecraft:empty",
                "location": "ctov:village/savanna/deco/lamp_3"
            }
        },
        {
            "weight": 1,
            "element": {
                "element_type": "minecraft:single_pool_element",
                "projection": "rigid",
                "processors": "minecraft:empty",
                "location": "ctov:village/savanna/deco/lamp_4"
            }
        },
        {
            "weight": 1,
            "element": {
                "element_type": "minecraft:single_pool_element",
                "projection": "rigid",
                "processors": "minecraft:empty",
                "location": "ctov:village/savanna/deco/lamp_5"
            }
        },
        {
            "weight": 2,
            "element": {
              "element_type": "minecraft:feature_pool_element",
              "projection": "rigid",
              "feature": "minecraft:acacia"
            }
        },
        {
            "weight": 2,
            "element": {
              "element_type": "minecraft:feature_pool_element",
              "projection": "rigid",
              "feature": "minecraft:pile_hay"
            }
        },
        {
            "weight": 2,
            "element": {
              "element_type": "minecraft:feature_pool_element",
              "projection": "rigid",
              "feature": "minecraft:pile_melon"
            }
        },
        {
            "weight": 5,
            "element": {
              "element_type": "minecraft:empty_pool_element",
              "projection":"rigid"
            }
        }
    ]
}