{
    "name":"ctov:village/taiga_fortified/deco",
    "fallback": "minecraft:empty",
    "elements": [
        {
            "weight": 1,
            "element": {
                "element_type": "minecraft:single_pool_element",
                "projection": "rigid",
                "processors": "minecraft:empty",
                "location": "ctov:village/taiga_fortified/deco/lamp_1"
            }
        },
        {
            "weight": 1,
            "element": {
                "element_type": "minecraft:single_pool_element",
                "projection": "rigid",
                "processors": "minecraft:empty",
                "location": "ctov:village/taiga_fortified/deco/lamp_2"
            }
        },
        {
            "weight": 1,
            "element": {
                "element_type": "minecraft:single_pool_element",
                "projection": "rigid",
                "processors": "minecraft:empty",
                "location": "ctov:village/taiga_fortified/deco/lamp_3"
            }
        },
        {
            "weight": 1,
            "element": {
                "element_type": "minecraft:single_pool_element",
                "projection": "rigid",
                "processors": "minecraft:empty",
                "location": "ctov:village/taiga_fortified/deco/lamp_4"
            }
        },
        {
            "weight": 1,
            "element": {
                "element_type": "minecraft:single_pool_element",
                "projection": "rigid",
                "processors": "minecraft:empty",
                "location": "ctov:village/taiga_fortified/deco/lamp_5"
            }
        },
        {
            "weight": 1,
            "element": {
                "element_type": "minecraft:single_pool_element",
                "projection": "rigid",
                "processors": "minecraft:empty",
                "location": "ctov:village/taiga_fortified/deco/bench"
            }
        },
        {
            "weight": 1,
            "element": {
                "element_type": "minecraft:single_pool_element",
                "projection": "rigid",
                "processors": "minecraft:empty",
                "location": "ctov:village/taiga_fortified/deco/campfire_1"
            }
        },
        {
            "weight": 1,
            "element": {
                "element_type": "minecraft:single_pool_element",
                "projection": "rigid",
                "processors": "minecraft:empty",
                "location": "ctov:village/taiga_fortified/deco/campfire_2"
            }
        },
        {
            "weight": 1,
            "element": {
                "element_type": "minecraft:single_pool_element",
                "projection": "rigid",
                "processors": "minecraft:empty",
                "location": "ctov:village/taiga_fortified/deco/flowerbed"
            }
        },
        {
            "weight": 1,
            "element": {
                "element_type": "minecraft:single_pool_element",
                "projection": "rigid",
                "processors": "minecraft:empty",
                "location": "ctov:village/taiga_fortified/deco/well"
            }
        },
        {
            "weight": 1,
            "element": {
                "element_type": "minecraft:single_pool_element",
                "projection": "rigid",
                "processors": "minecraft:empty",
                "location": "ctov:village/taiga_fortified/deco/fountain"
            }
        },
		{
			"weight": 2,
			"element": {
				"element_type": "minecraft:feature_pool_element",
				"projection": "rigid",
				"feature": "minecraft:spruce"
			}
		},
		{
			"weight": 2,
			"element": {
				"element_type": "minecraft:feature_pool_element",
				"projection": "rigid",
				"feature": "minecraft:pine"
			}
		},
		{
		  	"weight": 2,
			"element": {
				"element_type": "minecraft:feature_pool_element",
				"projection": "rigid",
				"feature": "minecraft:pile_pumpkin"
			}
		},
		{
		  	"weight": 2,
			"element": {
				"element_type": "minecraft:feature_pool_element",
				"projection": "rigid",
				"feature": "minecraft:patch_taiga_grass"
			}
		},
		{
		  	"weight": 1,
		  	"element": {
				"element_type": "minecraft:feature_pool_element",
				"projection": "rigid",
				"feature": "minecraft:patch_berry_bush"
			}
		},
		{
		  	"weight": 5,
		  	"element": {
				"element_type": "minecraft:empty_pool_element",
				"projection": "rigid"
		  	}
		}
    ]
}