{
    "processors": [
        {
			"processor_type": "minecraft:rule",
			"rules": [
				{
					"location_predicate": {
                        "predicate_type": "minecraft:always_true"
                    },
					"input_predicate": {
						"predicate_type": "minecraft:block_match",
						"block": "minecraft:stone_bricks"
					},
					"output_state": {
						"Name": "minecraft:mushroom_stem",
						"Properties": {
							"east": "true",
							"down": "true",
							"north": "true",
							"south": "true",
							"up": "true",
							"west": "true"
						}
					}
				},
				{
					"location_predicate": {
						"predicate_type": "minecraft:always_true"
					},
					"input_predicate": {
						"predicate_type": "minecraft:block_match",
						"block": "minecraft:stone"
					},
					"output_state": {
						"Name": "minecraft:red_mushroom_block",
						"Properties": {
							"east": "true",
							"down": "true",
							"north": "true",
							"south": "true",
							"up": "true",
							"west": "true"
						}
					}
				}
			]
		}
    ]
}