{
  "config": {},
  "biomes": "#minecraft:has_structure/ocean_monument",
  "spawn_overrides": {
    "monster": {
      "bounding_box": "full",
      "spawns": [
        {
          "type": "minecraft:guardian",
          "weight": 1,
          "minCount": 2,
          "maxCount": 4
        }
      ]
    },
    "axolotls": {
      "bounding_box": "full",
      "spawns": []
    },
    "underground_water_creature": {
      "bounding_box": "full",
      "spawns": []
    }
  },
  "type": "minecraft:monument"
}