{
    "type": "minecraft:range_choice",
    "input": "minecraft:overworld/ridges",
    "min_inclusive": -1000000,
    "max_exclusive": -0.7666,
    "when_in_range": {
      "type": "minecraft:range_choice",
    "input": "minecraft:overworld/continents",
    "min_inclusive": -0.11,
    "max_exclusive": 1000000,
    "when_in_range": {
      "type": "minecraft:range_choice",
    "input": "minecraft:overworld/erosion",
    "min_inclusive": -1000000,
    "max_exclusive": -0.375,
    "when_in_range": {
      "type": "minecraft:range_choice",
    "input": {
      "xz_scale": 0.25,
      "y_scale": 0.0,
      "noise": "minecraft:temperature",
      "shift_x": "minecraft:shift_x",
      "shift_y": 0.0,
      "shift_z": "minecraft:shift_z",
      "type": "minecraft:shifted_noise"
    },
    "min_inclusive": 0.2,
    "max_exclusive": 0.55,
    "when_in_range": {
      "type": "minecraft:range_choice",
    "input": "minecraft:overworld/depth",
    "min_inclusive": -10000,
    "max_exclusive": 0.25,
    "when_in_range": 0.41,
    "when_out_of_range":-3


  },
    "when_out_of_range": -3
    },
    "when_out_of_range": -3
    },
    "when_out_of_range": -3
    },
    "when_out_of_range": -3
}