{
  "name": "more_structures:ships/saillagers/escort",
  "fallback": "minecraft:empty",
  "elements": [
    {
      "weight": 1,
      "element": {
        "element_type": "minecraft:single_pool_element",
        "projection": "rigid",
        "location": "more_structures:ships/saillagers/escort_1",
        "processors": "minecraft:empty"
      }
    },
    {
      "weight": 1,
      "element": {
        "element_type": "minecraft:single_pool_element",
        "projection": "rigid",
        "location": "more_structures:ships/saillagers/escort_2",
        "processors": "minecraft:empty"
      }
    }
  ]
}
