{
    "name": "hopo:room/deepslate_mineshaft",
    "fallback": "hopo:room/deepslate_mineshaft",
    "elements": [
        {
            "weight": 100,
            "element": {
                "element_type": "minecraft:single_pool_element",
                "location": "hopo:mineshaft/deepslate/room_amethyst",
                "projection": "rigid",
                "processors": "hopo:deepslate/degraded_amethyst"
            }
        },
        {
            "weight": 100,
            "element": {
                "element_type": "minecraft:single_pool_element",
                "location": "hopo:mineshaft/deepslate/room_archer",
                "projection": "rigid",
                "processors": "hopo:deepslate/degraded_archer"
            }
        },
        {
            "weight": 100,
            "element": {
                "element_type": "minecraft:single_pool_element",
                "location": "hopo:mineshaft/deepslate/room_armor",
                "projection": "rigid",
                "processors": "hopo:deepslate/degraded_armor"
            }
        },
        {
            "weight": 100,
            "element": {
                "element_type": "minecraft:single_pool_element",
                "location": "hopo:mineshaft/deepslate/room_bedroom",
                "projection": "rigid",
                "processors": "hopo:deepslate/degraded_bedroom"
            }
        },
        {
            "weight": 80,
            "element": {
                "element_type": "minecraft:single_pool_element",
                "location": "hopo:mineshaft/deepslate/room_bedroom_1",
                "projection": "rigid",
                "processors": "hopo:deepslate/degraded_bedroom"
            }
        },
        {
            "weight": 80,
            "element": {
                "element_type": "minecraft:single_pool_element",
                "location": "hopo:mineshaft/deepslate/room_bedroom_2",
                "projection": "rigid",
                "processors": "hopo:deepslate/degraded_bedroom"
            }
        },
        {
            "weight": 80,
            "element": {
                "element_type": "minecraft:single_pool_element",
                "location": "hopo:mineshaft/deepslate/room_bedroom_3",
                "projection": "rigid",
                "processors": "hopo:deepslate/degraded_bedroom"
            }
        },
        {
            "weight": 100,
            "element": {
                "element_type": "minecraft:single_pool_element",
                "location": "hopo:mineshaft/deepslate/room_books",
                "projection": "rigid",
                "processors": "hopo:deepslate/degraded_books"
            }
        },
        {
            "weight": 100,
            "element": {
                "element_type": "minecraft:single_pool_element",
                "location": "hopo:mineshaft/deepslate/room_brown_mushroom",
                "projection": "rigid",
                "processors": "hopo:deepslate/degraded_brown_mushroom"
            }
        },
        {
            "weight": 100,
            "element": {
                "element_type": "minecraft:single_pool_element",
                "location": "hopo:mineshaft/deepslate/room_copper",
                "projection": "rigid",
                "processors": "hopo:deepslate/degraded_copper"
            }
        },
        {
            "weight": 100,
            "element": {
                "element_type": "minecraft:single_pool_element",
                "location": "hopo:mineshaft/deepslate/room_crafting",
                "projection": "rigid",
                "processors": "hopo:deepslate/degraded_crafting"
            }
        },
        {
            "weight": 100,
            "element": {
                "element_type": "minecraft:single_pool_element",
                "location": "hopo:mineshaft/deepslate/room_emerald",
                "projection": "rigid",
                "processors": "hopo:deepslate/degraded_emerald"
            }
        },
        {
            "weight": 100,
            "element": {
                "element_type": "minecraft:single_pool_element",
                "location": "hopo:mineshaft/deepslate/room_food",
                "projection": "rigid",
                "processors": "hopo:deepslate/degraded_food"
            }
        },
        {
            "weight": 100,
            "element": {
                "element_type": "minecraft:single_pool_element",
                "location": "hopo:mineshaft/deepslate/room_fossils",
                "projection": "rigid",
                "processors": "hopo:deepslate/degraded_fossils"
            }
        },
        {
            "weight": 80,
            "element": {
                "element_type": "minecraft:single_pool_element",
                "location": "hopo:mineshaft/deepslate/room_fossils_1",
                "projection": "rigid",
                "processors": "hopo:deepslate/degraded_fossils"
            }
        },
        {
            "weight": 80,
            "element": {
                "element_type": "minecraft:single_pool_element",
                "location": "hopo:mineshaft/deepslate/room_fossils_2",
                "projection": "rigid",
                "processors": "hopo:deepslate/degraded_fossils"
            }
        },
        {
            "weight": 80,
            "element": {
                "element_type": "minecraft:single_pool_element",
                "location": "hopo:mineshaft/deepslate/room_fossils_3",
                "projection": "rigid",
                "processors": "hopo:deepslate/degraded_fossils"
            }
        },
        {
            "weight": 100,
            "element": {
                "element_type": "minecraft:single_pool_element",
                "location": "hopo:mineshaft/deepslate/room_gold",
                "projection": "rigid",
                "processors": "hopo:deepslate/degraded_gold"
            }
        },
        {
            "weight": 100,
            "element": {
                "element_type": "minecraft:single_pool_element",
                "location": "hopo:mineshaft/deepslate/room_iron",
                "projection": "rigid",
                "processors": "hopo:deepslate/degraded_iron"
            }
        },
        {
            "weight": 100,
            "element": {
                "element_type": "minecraft:single_pool_element",
                "location": "hopo:mineshaft/deepslate/room_lapis",
                "projection": "rigid",
                "processors": "hopo:deepslate/degraded_lapis"
            }
        },
        {
            "weight": 100,
            "element": {
                "element_type": "minecraft:single_pool_element",
                "location": "hopo:mineshaft/deepslate/room_potions",
                "projection": "rigid",
                "processors": "hopo:deepslate/degraded_potions"
            }
        },
        {
            "weight": 100,
            "element": {
                "element_type": "minecraft:single_pool_element",
                "location": "hopo:mineshaft/deepslate/room_prison",
                "projection": "rigid",
                "processors": "hopo:deepslate/degraded_prison"
            }
        },
        {
            "weight": 100,
            "element": {
                "element_type": "minecraft:single_pool_element",
                "location": "hopo:mineshaft/deepslate/room_red_mushroom",
                "projection": "rigid",
                "processors": "hopo:deepslate/degraded_red_mushroom"
            }
        },
        {
            "weight": 100,
            "element": {
                "element_type": "minecraft:single_pool_element",
                "location": "hopo:mineshaft/deepslate/room_redstone",
                "projection": "rigid",
                "processors": "hopo:deepslate/degraded_redstone"
            }
        },
        {
            "weight": 100,
            "element": {
                "element_type": "minecraft:single_pool_element",
                "location": "hopo:mineshaft/deepslate/room_rip",
                "projection": "rigid",
                "processors": "hopo:deepslate/degraded_rip"
            }
        },
        {
            "weight": 100,
            "element": {
                "element_type": "minecraft:single_pool_element",
                "location": "hopo:mineshaft/deepslate/room_smelting",
                "projection": "rigid",
                "processors": "hopo:deepslate/degraded_smelting"
            }
        },
        {
            "weight": 100,
            "element": {
                "element_type": "minecraft:single_pool_element",
                "location": "hopo:mineshaft/deepslate/room_tnt",
                "projection": "rigid",
                "processors": "hopo:deepslate/degraded_tnt"
            }
        },
        {
            "weight": 100,
            "element": {
                "element_type": "minecraft:single_pool_element",
                "location": "hopo:mineshaft/deepslate/room_tools",
                "projection": "rigid",
                "processors": "hopo:deepslate/degraded_tools"
            }
        },
        {
            "weight": 100,
            "element": {
                "element_type": "minecraft:single_pool_element",
                "location": "hopo:mineshaft/deepslate/room_weapons",
                "projection": "rigid",
                "processors": "hopo:deepslate/degraded_smelting"
            }
        }
    ]
}