{
	"pools": [
		{
			"rolls": {
				"min": 4,
				"max": 6
			},
			"entries": [
				{
					"type": "minecraft:item",
					"weight": 1,
					"name": "minecraft:lava_bucket"
				},
				{
					"type": "minecraft:item",
					"weight": 2,
					"name": "minecraft:bucket"
				},
				{
					"type": "minecraft:item",
					"weight": 1,
					"name": "minecraft:coal_block",
					"functions": [
						{
							"function": "minecraft:set_count",
							"count": {
								"min": 0,
								"max": 1
							},
							"add": false
						}
					]
				},
				{
					"type": "minecraft:item",
					"weight": 7,
					"name": "minecraft:torch",
					"functions": [
						{
							"function": "minecraft:set_count",
							"count": {
								"min": 1,
								"max": 3
							},
							"add": false
						}
					]
				},
				{
					"type": "minecraft:item",
					"weight": 10,
					"name": "minecraft:coal",
					"functions": [
						{
							"function": "minecraft:set_count",
							"count": {
								"min": 1,
								"max": 3
							},
							"add": false
						}
					]
				}
			]
		}
	]
}
