{
  "config": {
    "start_pool": "prototypedungeons:corridor_top",
    "size": 7
  },
  "biomes": "#prototypedungeons:pillager_castle_biomes",
  "adapt_noise": true,
  "spawn_overrides": {
    "monster": {
      "bounding_box": "full",
      "spawns": [
        {
          "type": "minecraft:pillager",
          "weight": 1,
          "minCount": 1,
          "maxCount": 1
        },
		{
          "type": "minecraft:vindicator",
          "weight": 1,
          "minCount": 1,
          "maxCount": 1
        }
      ]
    }
  },
  "type": "minecraft:pillager_outpost"
}