{
  "type": "minecraft:chest",
  "pools": [
    {
      "rolls": 2,
      "entries": [
        {
          "type": "minecraft:item",
          "weight": 50,
          "name": "minecraft:emerald"
        }
      
      ]
    },
    {
      "rolls": 1,
      "entries": [
        {
          "type": "minecraft:item",
          "weight": 50,
          "name": "minecraft:bread"
        }
      
      ]
    },
    {
      "rolls": 3,
      "entries": [
        {
          "type": "minecraft:item",
          "weight": 50,
          "name": "minecraft:emerald"
        },
        {
          "type": "minecraft:item",
          "weight": 50,
          "name": "minecraft:air"
        }
      
      ]
    },
    {
      "rolls": 4,
      "entries": [
        {
          "type": "minecraft:item",
          "weight": 50,
          "name": "minecraft:bread"
        },
        {
          "type": "minecraft:item",
          "weight": 50,
          "name": "minecraft:air"
        }
      
      ]
    },





    {
      "rolls": 3,
      "entries": [
        {
          "type": "minecraft:item",
          "weight": 50,
          "name": "minecraft:iron_ingot"
        }
        
      
      ]
    },
    {
      "rolls": 6,
      "entries": [
        {
          "type": "minecraft:item",
          "weight": 50,
          "name": "minecraft:iron_ingot"
        },
        {
          "type": "minecraft:item",
          "weight": 50,
          "name": "minecraft:air"
        }
      
      ]
    },
    {
      "rolls": 1,
      "entries": [
        {
          "type": "minecraft:item",
          "weight": 50,
          "name": "minecraft:iron_boots"
        },
        {
          "type": "minecraft:item",
          "weight": 50,
          "name": "minecraft:iron_chestplate"
        },
        {
          "type": "minecraft:item",
          "weight": 50,
          "name": "minecraft:iron_leggings"
        },
        {
          "type": "minecraft:item",
          "weight": 50,
          "name": "minecraft:iron_helmet"
        }
      
      ]
    }
  ]
}
