{
    "type": "minecraft:chest",
    "pools": [
        {
            "rolls": 14,
            "entries": [
              {
                "type": "minecraft:item",
                "weight": 30,
                "name": "minecraft:iron_ingot"
              },
              {
                "type": "minecraft:item",
                "weight": 50,
                "name": "minecraft:packed_ice",
                "functions": [
                  {
                    "function": "minecraft:set_count",
                    "count": {
                      "type": "minecraft:uniform",
                      "min": 1,
                      "max": 6
                    }
                  }
                ]
              },
              {
                "type": "minecraft:item",
                "weight": 10,
                "name": "minecraft:ice",
                "functions": [
                  {
                    "function": "minecraft:set_count",
                    "count": {
                      "type": "minecraft:uniform",
                      "min": 8,
                      "max": 32
                    }
                  }
                ]
              },
              {
                "type": "minecraft:item",
                "weight": 10,
                "name": "minecraft:blue_ice"
              }
              ,
              {
                "type": "minecraft:item",
                "weight": 25,
                "name": "minecraft:air"
              }
            
            
            
            ]
          }
        
      
    ]
  }
  


  