{
    "type": "minecraft:chest",
    "pools": [
        {
            "rolls": 7,
            "entries": [
              {
                "type": "minecraft:item",
                "weight": 5,
                "name": "minecraft:cobblestone",
                "functions": [
                  {
                    "function": "minecraft:set_count",
                    "count": {
                      "type": "minecraft:uniform",
                      "min": 10,
                      "max": 32
                    }
                  }
                ]
              },
              
              {
                "type": "minecraft:item",
                "weight": 5,
                "name": "minecraft:cobbled_deepslate",
                "functions": [
                  {
                    "function": "minecraft:set_count",
                    "count": {
                      "type": "minecraft:uniform",
                      "min": 10,
                      "max": 32
                    }
                  }
                ]
              }
              ,
              {
                "type": "minecraft:item",
                "weight": 5,
                "name": "minecraft:air"
              }
            
            
            
            ]
          },
          {
            "rolls": 10,
            "entries": [
              {
                "type": "minecraft:item",
                "weight": 5,
                "name": "minecraft:iron_ore",
                "functions": [
                  {
                    "function": "minecraft:set_count",
                    "count": {
                      "type": "minecraft:uniform",
                      "min": 1,
                      "max": 3
                    }
                  }
                ]
              
              }
              ,
              {
                "type": "minecraft:item",
                "weight": 5,
                "name": "minecraft:gold_ore",
                "functions": [
                  {
                    "function": "minecraft:set_count",
                    "count": {
                      "type": "minecraft:uniform",
                      "min": 1,
                      "max": 2
                    }
                  }
                ]
              
              
              }
              ,
              {
                "type": "minecraft:item",
                "weight": 1,
                "name": "minecraft:emerald_ore"
              }
              ,
              {
                "type": "minecraft:item",
                "weight": 10,
                "name": "minecraft:air"
              }
            
            
            
            
            ]
          }
        
      
    ]
  }
  


  