{
  "name": "wythers:village/desert_lakes/trader_tents",
  "fallback": "wythers:village/desert_lakes/trader_tents",
  "elements": [
    {
      "weight": 1,
      "element": {
        "location": "wythers:village/desert_lakes/trader_tents/blue_1",
        "processors": "minecraft:empty",
        "projection": "rigid",
        "element_type": "minecraft:single_pool_element"
      }
    },
    {
      "weight": 1,
      "element": {
        "location": "wythers:village/desert_lakes/trader_tents/red_1",
        "processors": "minecraft:empty",
        "projection": "rigid",
        "element_type": "minecraft:single_pool_element"
      }
    }
  ]
}
