{
  "replace": false,
  "values": [
    "#minecraft:is_mountain",
    "minecraft:mushroom_fields",
    "minecraft:desert",
    {"id": "terralith:cave/andesite_caves", "required": false},
    {"id": "terralith:cave/granite_caves", "required": false},
    {"id": "terralith:cave/diorite_caves", "required": false},
    {"id": "terralith:cave/desert_caves", "required": false},
    {"id": "terralith:ancient_sands", "required": false}, 
    {"id": "terralith:desert_canyon", "required": false},
    {"id": "terralith:gravel_beach", "required": false},
    {"id": "terralith:gravel_desert", "required": false},
    {"id": "terralith:ice_marsh", "required": false},
    {"id": "terralith:mountain_steppe", "required": false},
    {"id": "terralith:painted_mountains", "required": false},
    {"id": "terralith:rocky_mountains", "required": false},
    {"id": "terralith:stony_spires", "required": false}
  ]
}