{
  "replace": false,
  "values": [
    "#minecraft:is_badlands",
    "minecraft:dark_forest",
    {"id": "terralith:forested_highlands", "required": false},
    {"id": "terralith:lavender_forest", "required": false},
    {"id": "terralith:lavender_valley", "required": false},
    {"id": "terralith:mirage_isles", "required": false},
    {"id": "terralith:sakura_grove", "required": false},
    {"id": "terralith:sakura_valley", "required": false},
    {"id": "terralith:siberian_grove", "required": false},
    {"id": "terralith:siberian_taiga", "required": false},
    {"id": "terralith:skylands_spring", "required": false},
    {"id": "terralith:skylands_winter", "required": false}
  ]
}