{
  "replace": false,
  "values": [
    "minecraft:forest",
    "minecraft:grove",
    "minecraft:plains",
    "minecraft:swamp",
    "minecraft:lush_caves",
    {"id": "terralith:alpine_highlands", "required": false},
    {"id": "terralith:blooming_plateau", "required": false},
    {"id": "terralith:blooming_valley", "required": false},
    {"id": "terralith:brushland", "required": false},
    {"id": "terralith:haze_mountain", "required": false},
    {"id": "terralith:shrubland", "required": false},
    {"id": "terralith:skylands_autumn", "required": false},
    {"id": "terralith:steppe", "required": false},
    {"id": "terralith:yosemite_cliffs", "required": false},
    {"id": "terralith:yosemite_lowlands", "required": false}
  ]
}