{
  "name": "ercerus:balloons/inhabitant",
  "fallback": "minecraft:empty",
  "elements": [
    {
      "weight": 1,
      "element": {
        "element_type": "minecraft:single_pool_element",
        "location": "ercerus:balloons/inhabitant/villager",
        "projection": "rigid",
        "processors": "minecraft:empty"
      }
    },
	{
      "weight": 1,
      "element": {
        "element_type": "minecraft:single_pool_element",
        "location": "ercerus:balloons/inhabitant/zombie_villager",
        "projection": "rigid",
        "processors": "minecraft:empty"
      }
    },
	{
      "weight": 1,
      "element": {
        "element_type": "minecraft:single_pool_element",
        "location": "ercerus:balloons/inhabitant/witch",
        "projection": "rigid",
        "processors": "minecraft:empty"
      }
    },
	{
      "weight": 1,
      "element": {
        "element_type": "minecraft:single_pool_element",
        "location": "ercerus:balloons/inhabitant/enderman",
        "projection": "rigid",
        "processors": "minecraft:empty"
      }
    },
	{
      "weight": 1,
      "element": {
        "element_type": "minecraft:single_pool_element",
        "location": "ercerus:balloons/inhabitant/pillager",
        "projection": "rigid",
        "processors": "minecraft:empty"
      }
    },
	{
      "weight": 1,
      "element": {
        "element_type": "minecraft:single_pool_element",
        "location": "ercerus:balloons/inhabitant/vindicator",
        "projection": "rigid",
        "processors": "minecraft:empty"
      }
    },
	{
      "weight": 1,
      "element": {
        "element_type": "minecraft:single_pool_element",
        "location": "ercerus:balloons/inhabitant/evoker",
        "projection": "rigid",
        "processors": "minecraft:empty"
      }
    }
  ]
}
