{
  "name": "more_structures:village/british/streets",
  "fallback": "more_structures:village/british/terminators",
  "elements": [
    {
      "weight": 1,
      "element": {
        "element_type": "minecraft:legacy_single_pool_element",
        "projection": "terrain_matching",
        "location": "more_structures:village/british/streets/straight_1",
        "processors": "more_structures:street_tuff"
      }
    },
    {
      "weight": 1,
      "element": {
        "element_type": "minecraft:legacy_single_pool_element",
        "projection": "terrain_matching",
        "location": "more_structures:village/british/streets/straight_2",
        "processors": "more_structures:street_tuff"
      }
    },
    {
      "weight": 1,
      "element": {
        "element_type": "minecraft:legacy_single_pool_element",
        "projection": "terrain_matching",
        "location": "more_structures:village/british/streets/corner_1",
        "processors": "more_structures:street_tuff"
      }
    },
    {
      "weight": 1,
      "element": {
        "element_type": "minecraft:legacy_single_pool_element",
        "projection": "terrain_matching",
        "location": "more_structures:village/british/streets/corner_2",
        "processors": "more_structures:street_tuff"
      }
    },
    {
      "weight": 1,
      "element": {
        "element_type": "minecraft:legacy_single_pool_element",
        "projection": "terrain_matching",
        "location": "more_structures:village/british/streets/crossroad_1",
        "processors": "more_structures:street_tuff"
      }
    },
    {
      "weight": 1,
      "element": {
        "element_type": "minecraft:legacy_single_pool_element",
        "projection": "terrain_matching",
        "location": "more_structures:village/british/streets/crossroad_2",
        "processors": "more_structures:street_tuff"
      }
    }
  ]
}
