{
  "name": "more_structures:village/british/terminators",
  "fallback": "minecraft:empty",
  "elements": [
    {
      "weight": 1,
      "element": {
        "element_type": "minecraft:legacy_single_pool_element",
        "projection": "terrain_matching",
        "location": "more_structures:village/british/terminators/end_1",
        "processors": "more_structures:street_tuff"
      }
    },
    {
      "weight": 1,
      "element": {
        "element_type": "minecraft:legacy_single_pool_element",
        "projection": "terrain_matching",
        "location": "more_structures:village/british/terminators/end_2",
        "processors": "more_structures:street_tuff"
      }
    }
  ]
}
