{
  "name": "milesplayz:end",
  "fallback": "minecraft:empty",
  "elements": [
    {
      "weight": 25,
      "element": {
        "location": "milesplayz:house_1",
        "processors": "minecraft:empty",
		"projection": "rigid",
        "element_type": "minecraft:single_pool_element"
      }
    },
	{
      "weight": 2,
      "element": {
        "location": "milesplayz:clocktower",
        "processors": "minecraft:empty",
		"projection": "rigid",
        "element_type": "minecraft:single_pool_element"
      }
    }
  ]
}