{
  "name": "kaisyn:village/badlands_pueblo/decor",
  "fallback": "minecraft:empty",
  "elements": [
    {
      "weight": 1,
      "element": {
        "location": "kaisyn:village/badlands_pueblo/badlands_lamp_1",
        "processors": "kaisyn:village/street_pueblo",
        "projection": "rigid",
        "element_type": "minecraft:legacy_single_pool_element"
      }
    },
    {
      "weight": 1,
      "element": {
        "location": "kaisyn:village/badlands_pueblo/badlands_lamp_2",
        "processors": "kaisyn:village/street_pueblo",
        "projection": "rigid",
        "element_type": "minecraft:legacy_single_pool_element"
      }
    },
    {
      "weight": 1,
      "element": {
        "location": "kaisyn:village/badlands_pueblo/badlands_lamp_3",
        "processors": "kaisyn:village/street_pueblo",
        "projection": "rigid",
        "element_type": "minecraft:legacy_single_pool_element"
      }
    }
  ]
}
