{
  "name": "kaisyn:village/badlands_pueblo/streets",
  "fallback": "kaisyn:village/badlands_pueblo/terminators",
  "elements": [
    {
      "weight": 3,
      "element": {
        "location": "kaisyn:village/badlands_pueblo/streets/street_01",
        "processors": "kaisyn:village/street_pueblo",
        "projection": "terrain_matching",
        "element_type": "minecraft:legacy_single_pool_element"
      }
    },
    {
      "weight": 2,
      "element": {
        "location": "kaisyn:village/badlands_pueblo/streets/street_02",
        "processors": "kaisyn:village/street_pueblo",
        "projection": "terrain_matching",
        "element_type": "minecraft:legacy_single_pool_element"
      }
    },
    {
      "weight": 1,
      "element": {
        "location": "kaisyn:village/badlands_pueblo/streets/crossroad_01",
        "processors": "kaisyn:village/street_pueblo",
        "projection": "rigid",
        "element_type": "minecraft:legacy_single_pool_element"
      }
    },
    {
      "weight": 2,
      "element": {
        "location": "kaisyn:village/badlands_pueblo/streets/crossroad_02",
        "processors": "kaisyn:village/street_pueblo",
        "projection": "rigid",
        "element_type": "minecraft:legacy_single_pool_element"
      }
    }    
  ]
}
