{
  "name": "kaisyn:village/mushroom_fields_fantasy/streets",
  "fallback": "kaisyn:village/mushroom_fields_fantasy/terminators",
  "elements": [
    {
      "weight": 1,
      "element": {
        "element_type": "minecraft:legacy_single_pool_element",
        "projection": "terrain_matching",
        "location": "kaisyn:village/mushroom_fields_fantasy/streets/straight_1",
        "processors": "kaisyn:village/street_mushroom"
      }
    },
    {
      "weight": 1,
      "element": {
        "element_type": "minecraft:legacy_single_pool_element",
        "projection": "terrain_matching",
        "location": "kaisyn:village/mushroom_fields_fantasy/streets/straight_2",
        "processors": "kaisyn:village/street_mushroom"
      }
    },
    {
      "weight": 1,
      "element": {
        "element_type": "minecraft:legacy_single_pool_element",
        "projection": "terrain_matching",
        "location": "kaisyn:village/mushroom_fields_fantasy/streets/straight_3",
        "processors": "kaisyn:village/street_mushroom"
      }
    },
    {
      "weight": 1,
      "element": {
        "element_type": "minecraft:legacy_single_pool_element",
        "projection": "terrain_matching",
        "location": "kaisyn:village/mushroom_fields_fantasy/streets/crossroad_1",
        "processors": "kaisyn:village/street_mushroom"
      }
    },
    {
      "weight": 1,
      "element": {
        "element_type": "minecraft:legacy_single_pool_element",
        "projection": "terrain_matching",
        "location": "kaisyn:village/mushroom_fields_fantasy/streets/turn_1",
        "processors": "kaisyn:village/street_mushroom"
      }
    }
  ]
}
