{
	"pools": [
		{
			"rolls": {
				"min": 4,
				"max": 6
			},
			"entries": [
				{
					"type": "minecraft:item",
					"weight": 5,
					"name": "minecraft:redstone",
					"functions": [
						{
							"function": "minecraft:set_count",
							"count": {
								"min": 4,
								"max": 10
							},
							"add": false
						}
					]
				},
				{
					"type": "minecraft:item",
					"weight": 5,
					"name": "minecraft:redstone_torch",
					"functions": [
						{
							"function": "minecraft:set_count",
							"count": {
								"min": 3,
								"max": 7
							},
							"add": false
						}
					]
				},
				{
					"type": "minecraft:item",
					"weight": 5,
					"name": "minecraft:cobweb",
					"functions": [
						{
							"function": "minecraft:set_count",
							"count": {
								"min": 2,
								"max": 7
							},
							"add": false
						}
					]
				},
				{
					"type": "minecraft:item",
					"weight": 5,
					"name": "minecraft:lever",
					"functions": [
						{
							"function": "minecraft:set_count",
							"count": {
								"min": 2,
								"max": 5
							},
							"add": false
						}
					]
				},
				{
					"type": "minecraft:item",
					"weight": 2,
					"name": "minecraft:minecart"
				},
				{
					"type": "minecraft:item",
					"weight": 2,
					"name": "minecraft:chest_minecart"
				},
				{
					"type": "minecraft:item",
					"weight": 2,
					"name": "minecraft:furnace_minecart"
				},
				{
					"type": "minecraft:item",
					"weight": 2,
					"name": "minecraft:tnt_minecart"
				},
				{
					"type": "minecraft:item",
					"weight": 2,
					"name": "minecraft:hopper_minecart"
				},
				{
					"type": "minecraft:item",
					"weight": 4,
					"name": "minecraft:tnt",
					"functions": [
						{
							"function": "minecraft:set_count",
							"count": {
								"min": 5,
								"max": 12
							},
							"add": false
						}
					]
				},
				{
					"type": "minecraft:item",
					"weight": 3,
					"name": "minecraft:iron_ingot",
					"functions": [
						{
							"function": "minecraft:set_count",
							"count": {
								"min": 4,
								"max": 12
							},
							"add": false
						}
					]
				},
				{
					"type": "minecraft:item",
					"weight": 3,
					"name": "minecraft:gold_ingot",
					"functions": [
						{
							"function": "minecraft:set_count",
							"count": {
								"min": 4,
								"max": 12
							},
							"add": false
						}
					]
				},
				{
					"type": "minecraft:item",
					"weight": 3,
					"name": "minecraft:coal",
					"functions": [
						{
							"function": "minecraft:set_count",
							"count": {
								"min": 4,
								"max": 12
							},
							"add": false
						}
					]
				},
				{
					"type": "minecraft:item",
					"weight": 6,
					"name": "minecraft:powered_rail",
					"functions": [
						{
							"function": "minecraft:set_count",
							"count": {
								"min": 6,
								"max": 18
							},
							"add": false
						}
					]
				},
				{
					"type": "minecraft:item",
					"weight": 6,
					"name": "minecraft:detector_rail",
					"functions": [
						{
							"function": "minecraft:set_count",
							"count": {
								"min": 6,
								"max": 18
							},
							"add": false
						}
					]
				},
				{
					"type": "minecraft:item",
					"weight": 6,
					"name": "minecraft:rail",
					"functions": [
						{
							"function": "minecraft:set_count",
							"count": {
								"min": 6,
								"max": 18
							},
							"add": false
						}
					]
				},
				{
					"type": "minecraft:item",
					"weight": 6,
					"name": "minecraft:activator_rail",
					"functions": [
						{
							"function": "minecraft:set_count",
							"count": {
								"min": 6,
								"max": 18
							},
							"add": false
						}
					]
				},
				{
					"type": "minecraft:item",
					"weight": 5,
					"name": "minecraft:lantern",
					"functions": [
						{
							"function": "minecraft:set_count",
							"count": {
								"min": 3,
								"max": 7
							},
							"add": false
						}
					]
				},
				{
					"type": "minecraft:item",
					"weight": 3,
					"name": "minecraft:flint_and_steel",
					"functions": [
						{
							"function": "minecraft:set_damage",
							"damage": {
								"min": 0.6,
								"max": 0.9
							},
							"add": false
						}
					]
				},
				{
					"type": "minecraft:item",
					"weight": 3,
					"name": "minecraft:iron_pickaxe",
					"functions": [
						{
							"function": "minecraft:set_damage",
							"damage": {
								"min": 0.6,
								"max": 0.9
							},
							"add": false
						}
					]
				},
				{
					"type": "minecraft:item",
					"weight": 3,
					"name": "minecraft:compass"
				},
				{
					"type": "minecraft:item",
					"weight": 5,
					"name": "minecraft:chain",
					"functions": [
						{
							"function": "minecraft:set_count",
							"count": {
								"min": 3,
								"max": 7
							},
							"add": false
						}
					]
				}
			]
		}
	]
}
