{
    "name":"ctov:village/christmas/deco",
    "fallback": "minecraft:empty",
    "elements": [
        {
            "weight": 1,
            "element": {
                "element_type": "minecraft:single_pool_element",
                "projection": "rigid",
                "processors": "minecraft:empty",
                "location": "ctov:village/christmas/deco/lamp_1"
            }
        },
        {
            "weight": 1,
            "element": {
                "element_type": "minecraft:single_pool_element",
                "projection": "rigid",
                "processors": "minecraft:empty",
                "location": "ctov:village/christmas/deco/lamp_2"
            }
        },
        {
            "weight": 1,
            "element": {
                "element_type": "minecraft:single_pool_element",
                "projection": "rigid",
                "processors": "minecraft:empty",
                "location": "ctov:village/christmas/deco/lamp_3"
            }
        },
        {
            "weight": 1,
            "element": {
                "element_type": "minecraft:single_pool_element",
                "projection": "rigid",
                "processors": "minecraft:empty",
                "location": "ctov:village/christmas/deco/lamp_4"
            }
        },
        {
            "weight": 1,
            "element": {
                "element_type": "minecraft:single_pool_element",
                "projection": "rigid",
                "processors": "minecraft:empty",
                "location": "ctov:village/christmas/deco/lamp_5"
            }
        },
        {
            "weight": 1,
            "element": {
                "element_type": "minecraft:single_pool_element",
                "projection": "rigid",
                "processors": "minecraft:empty",
                "location": "ctov:village/christmas/deco/snowglobe"
            }
        },
        {
            "weight": 1,
            "element": {
                "element_type": "minecraft:single_pool_element",
                "projection": "rigid",
                "processors": "minecraft:empty",
                "location": "ctov:village/christmas/deco/snowman"
            }
        },
        {
            "weight": 1,
            "element": {
                "element_type": "minecraft:single_pool_element",
                "projection": "rigid",
                "processors": "minecraft:empty",
                "location": "ctov:village/christmas/deco/tree"
            }
        },
        {
          "weight": 4,
          "element": {
            "element_type": "minecraft:feature_pool_element",
            "projection": "rigid",
            "feature": "minecraft:spruce"
          }
        },
        {
          "weight": 4,
          "element": {
            "element_type": "minecraft:feature_pool_element",
            "projection": "rigid",
            "feature": "minecraft:pile_snow"
          }
        },
        {
          "weight": 1,
          "element": {
            "element_type": "minecraft:feature_pool_element",
            "projection": "rigid",
            "feature": "minecraft:pile_ice"
          }
        },
        {
          "weight": 7,
          "element": {
            "element_type": "minecraft:empty_pool_element",
            "projection": "rigid"
          }
        }
    ]
}