{
    "replace": false,
    "values": [
        "minecraft:flower_forest",
        {
            "id": "terralith:cloud_forest",
            "required": false
        },
        {
            "id": "terralith:sakura_grove",
            "required": false
        },
        {
            "id": "promenade:white_cherry_oak_forest",
            "required": false
        },
        {
            "id": "promenade:pink_cherry_oak_forest",
            "required": false
        },
        {
            "id": "biomesoplenty:bamboo_grove",
            "required": false
        },
        {
            "id": "biomesoplenty:cherry_blossom_grove",
            "required": false
        },
        {
            "id": "byg:cherry_blossom_forest",
            "required": false
        }
    ]
}