{
  "config": {
    "decorators": [],
    "ignore_vines": false,
    "force_dirt": true,
    "dirt_provider": {
      "state": {
        "Name": "minecraft:rooted_dirt"
      },
      "type": "minecraft:simple_state_provider"
    },
    "minimum_size": {
      "limit": 1,
      "lower_size": 0,
      "upper_size": 1,
      "type": "minecraft:two_layers_feature_size"
    },
    "trunk_provider": {
      "state": {
        "Properties": {
          "axis": "y"
        },
        "Name": "minecraft:oak_log"
      },
      "type": "minecraft:simple_state_provider"
    },
    "trunk_placer": {
      "height_rand_b": 0,
      "min_height_for_leaves": 3,
      "bend_length": {
        "type": "minecraft:uniform",
        "value": {
          "min_inclusive": 1,
          "max_inclusive": 2
        }
      },
      "base_height": 4,
      "height_rand_a": 2,
      "type": "minecraft:bending_trunk_placer"
    },
    "foliage_provider": {
      "entries": [
        {
          "data": {
            "Properties": {
              "persistent": "false",
              "distance": "7"
            },
            "Name": "minecraft:azalea_leaves"
          },
          "weight": 3
        },
        {
          "data": {
            "Properties": {
              "persistent": "false",
              "distance": "7"
            },
            "Name": "minecraft:flowering_azalea_leaves"
          },
          "weight": 1
        }
      ],
      "type": "minecraft:weighted_state_provider"
    },
    "foliage_placer": {
      "radius": 3,
      "offset": 0,
      "foliage_height": 2,
      "leaf_placement_attempts": 50,
      "type": "minecraft:random_spread_foliage_placer"
    }
  },
  "type": "minecraft:tree"
}