{
  "config": {
    "tries": 96,
    "xz_spread": 6,
    "y_spread": 2,
    "feature": {
      "feature": {
        "config": {
          "to_place": {
            "seed": 2345,
            "noise": {
              "firstOctave": -3,
              "amplitudes": [
                1.0
              ]
            },
            "scale": 1.0,
            "states": [
              {
                "Properties": {
                  "half": "lower"
                },
                "Name": "minecraft:tall_grass"
              },
              {
                "Name": "minecraft:allium"
              },
              {
                "Name": "minecraft:poppy"
              },
              {
                "Name": "minecraft:azure_bluet"
              },
              {
                "Name": "minecraft:dandelion"
              },
              {
                "Name": "minecraft:cornflower"
              },
              {
                "Name": "minecraft:oxeye_daisy"
              },
              {
                "Name": "minecraft:grass"
              }
            ],
            "variety": [
              1,
              3
            ],
            "slow_noise": {
              "firstOctave": -10,
              "amplitudes": [
                1.0
              ]
            },
            "slow_scale": 1.0,
            "type": "minecraft:dual_noise_provider"
          }
        },
        "type": "minecraft:simple_block"
      },
      "placement": [
        {
          "predicate": {
            "blocks": [
              "minecraft:air"
            ],
            "type": "minecraft:matching_blocks"
          },
          "type": "minecraft:block_predicate_filter"
        }
      ]
    }
  },
  "type": "minecraft:flower"
}