{
  "config": {
    "targets": [
      {
        "target": {
          "tag": "minecraft:stone_ore_replaceables",
          "predicate_type": "minecraft:tag_match"
        },
        "state": {
          "Name": "minecraft:diamond_ore"
        }
      },
      {
        "target": {
          "tag": "minecraft:deepslate_ore_replaceables",
          "predicate_type": "minecraft:tag_match"
        },
        "state": {
          "Name": "minecraft:deepslate_diamond_ore"
        }
      }
    ],
    "size": 12,
    "discard_chance_on_air_exposure": 0.7
  },
  "type": "minecraft:ore"
}