{
	"pools": [
		{
			"rolls": {
				"min": 4,
				"max": 6
			},
			"entries": [
				{
					"type": "minecraft:item",
					"weight": 2,
					"name": "minecraft:mycelium",
					"functions": [
						{
							"function": "minecraft:set_count",
							"count": {
								"min": 0,
								"max": 2
							},
							"add": false
						}
					]
				},
				{
					"type": "minecraft:item",
					"weight": 6,
					"name": "minecraft:red_mushroom_block",
					"functions": [
						{
							"function": "minecraft:set_count",
							"count": {
								"min": 1,
								"max": 2
							},
							"add": false
						}
					]
				},
				{
					"type": "minecraft:item",
					"weight": 8,
					"name": "minecraft:red_mushroom",
					"functions": [
						{
							"function": "minecraft:set_count",
							"count": {
								"min": 1,
								"max": 4
							},
							"add": false
						}
					]
				}
			]
		}
	]
}
