{
	"pools": [
		{
			"rolls": {
				"min": 4,
				"max": 6
			},
			"entries": [
				{
					"type": "minecraft:item",
					"weight": 3,
					"name": "minecraft:tnt",
					"functions": [
						{
							"function": "minecraft:set_count",
							"count": {
								"min": 1,
								"max": 2
							},
							"add": false
						}
					]
				},
				{
					"type": "minecraft:item",
					"weight": 7,
					"name": "minecraft:gunpowder",
					"functions": [
						{
							"function": "minecraft:set_count",
							"count": {
								"min": 1,
								"max": 2
							},
							"add": false
						}
					]
				},
				{
					"type": "minecraft:item",
					"weight": 10,
					"name": "minecraft:sand",
					"functions": [
						{
							"function": "minecraft:set_count",
							"count": {
								"min": 1,
								"max": 4
							},
							"add": false
						}
					]
				}
			]
		}
	]
}
