{
    "name": "ctov:village/mesa/deco",
    "fallback": "minecraft:empty",
    "elements": [
      {
        "weight": 1,
        "element": {
          "element_type": "minecraft:single_pool_element",
          "projection": "rigid",
          "location": "ctov:village/mesa/deco/lamp_1",
          "processors": "minecraft:empty"
        }
      },
      {
        "weight": 1,
        "element": {
          "element_type": "minecraft:single_pool_element",
          "projection": "rigid",
          "location": "ctov:village/mesa/deco/lamp_2",
          "processors": "minecraft:empty"
        }
      },
      {
        "weight": 1,
        "element": {
          "element_type": "minecraft:single_pool_element",
          "projection": "rigid",
          "location": "ctov:village/mesa/deco/lamp_3",
          "processors": "minecraft:empty"
        }
      },
      {
        "weight": 1,
        "element": {
          "element_type": "minecraft:single_pool_element",
          "projection": "rigid",
          "location": "ctov:village/mesa/deco/lamp_4",
          "processors": "minecraft:empty"
        }
      },
      {
        "weight": 1,
        "element": {
          "element_type": "minecraft:single_pool_element",
          "projection": "rigid",
          "location": "ctov:village/mesa/deco/lamp_5",
          "processors": "minecraft:empty"
        }
      },
      {
        "weight": 1,
        "element": {
          "element_type": "minecraft:single_pool_element",
          "projection": "rigid",
          "location": "ctov:village/mesa/deco/well",
          "processors": "minecraft:empty"
        }
      },
      {
        "weight": 1,
        "element": {
          "element_type": "minecraft:single_pool_element",
          "projection": "rigid",
          "location": "ctov:village/mesa/deco/gilluotine",
          "processors": "minecraft:empty"
        }
      },
      {
        "weight": 1,
        "element": {
          "element_type": "minecraft:single_pool_element",
          "projection": "rigid",
          "location": "ctov:village/mesa/deco/gallow",
          "processors": "minecraft:empty"
        }
      },
      {
        "weight": 1,
        "element": {
          "element_type": "minecraft:single_pool_element",
          "projection": "rigid",
          "location": "ctov:village/mesa/deco/wagon",
          "processors": "minecraft:empty"
        }
      },
      {
        "weight": 1,
        "element": {
          "element_type": "minecraft:single_pool_element",
          "projection": "rigid",
          "location": "ctov:village/mesa/deco/dead_tree_1",
          "processors": "minecraft:empty"
        }
      },
      {
        "weight": 1,
        "element": {
          "element_type": "minecraft:single_pool_element",
          "projection": "rigid",
          "location": "ctov:village/mesa/deco/dead_tree_2",
          "processors": "minecraft:empty"
        }
      },
      {
        "weight": 1,
        "element": {
          "element_type": "minecraft:single_pool_element",
          "projection": "rigid",
          "location": "ctov:village/mesa/deco/dead_tree_3",
          "processors": "minecraft:empty"
        }
      },
      {
        "weight": 2,
        "element": {
          "element_type": "minecraft:feature_pool_element",
          "projection": "rigid",
          "feature": "minecraft:patch_cactus"
        }
      },
      {
        "weight": 2,
        "element": {
          "element_type": "minecraft:feature_pool_element",
          "projection": "rigid",
          "feature": "minecraft:pile_hay"
        }
      },
      {
        "weight": 5,
        "element": {
          "element_type": "minecraft:empty_pool_element",
          "projection": "rigid"
        }
      }
    ]
  }