{
  "name": "kaisyn:village/island/houses",
  "fallback": "minecraft:empty",
  "elements": [
    {
      "weight": 3,
      "element": {
        "element_type": "minecraft:legacy_single_pool_element",
        "projection": "rigid",
        "location": "kaisyn:village/island/houses/armorer_mason_1",
        "processors": "kaisyn:big_ass_processor"
      }
    },
    {
      "weight": 3,
      "element": {
        "element_type": "minecraft:legacy_single_pool_element",
        "projection": "rigid",
        "location": "kaisyn:village/island/houses/butcher_1",
        "processors": "kaisyn:big_ass_processor"
      }
    },
    {
      "weight": 3,
      "element": {
        "element_type": "minecraft:legacy_single_pool_element",
        "projection": "rigid",
        "location": "kaisyn:village/island/houses/cartographer_1",
        "processors": "kaisyn:big_ass_processor"
      }
    },
    {
      "weight": 1,
      "element": {
        "element_type": "minecraft:legacy_single_pool_element",
        "projection": "rigid",
        "location": "kaisyn:village/island/houses/ground_house_1",
        "processors": "kaisyn:big_ass_processor"
      }
    },
    {
      "weight": 1,
      "element": {
        "element_type": "minecraft:legacy_single_pool_element",
        "projection": "rigid",
        "location": "kaisyn:village/island/houses/ground_house_2",
        "processors": "kaisyn:big_ass_processor"
      }
    },
    {
      "weight": 3,
      "element": {
        "element_type": "minecraft:legacy_single_pool_element",
        "projection": "rigid",
        "location": "kaisyn:village/island/houses/shepherd_1",
        "processors": "kaisyn:big_ass_processor"
      }
    },
    {
      "weight": 2,
      "element": {
        "element_type": "minecraft:legacy_single_pool_element",
        "projection": "rigid",
        "location": "kaisyn:village/island/houses/stilt_house_1",
        "processors": "kaisyn:big_ass_processor"
      }
    },
    {
      "weight": 2,
      "element": {
        "element_type": "minecraft:legacy_single_pool_element",
        "projection": "rigid",
        "location": "kaisyn:village/island/houses/stilt_house_2",
        "processors": "kaisyn:big_ass_processor"
      }
    },
    {
      "weight": 2,
      "element": {
        "element_type": "minecraft:legacy_single_pool_element",
        "projection": "rigid",
        "location": "kaisyn:village/island/houses/stilt_house_3",
        "processors": "kaisyn:big_ass_processor"
      }
    },
    {
      "weight": 2,
      "element": {
        "element_type": "minecraft:legacy_single_pool_element",
        "projection": "rigid",
        "location": "kaisyn:village/island/houses/stilt_house_4",
        "processors": "kaisyn:big_ass_processor"
      }
    },
    {
      "weight": 2,
      "element": {
        "element_type": "minecraft:legacy_single_pool_element",
        "projection": "rigid",
        "location": "kaisyn:village/island/houses/stilt_house_5",
        "processors": "kaisyn:big_ass_processor"
      }
    },
    {
      "weight": 2,
      "element": {
        "element_type": "minecraft:legacy_single_pool_element",
        "projection": "rigid",
        "location": "kaisyn:village/island/houses/temple_1",
        "processors": "kaisyn:big_ass_processor"
      }
    },
	{
      "weight": 20,
      "element": {
        "element_type": "minecraft:empty_pool_element",
        "projection": "rigid"
      }
    }
  ]
}
