{
  "name": "kaisyn:village/island/streets",
  "fallback": "minecraft:empty",
  "elements": [
    {
      "weight": 1,
      "element": {
        "element_type": "minecraft:legacy_single_pool_element",
        "projection": "terrain_matching",
        "location": "kaisyn:village/island/streets/corner_1",
        "processors": "kaisyn:big_ass_processor"
      }
    },
    {
      "weight": 1,
      "element": {
        "element_type": "minecraft:legacy_single_pool_element",
        "projection": "terrain_matching",
        "location": "kaisyn:village/island/streets/corner_2",
        "processors": "kaisyn:big_ass_processor"
      }
    },
    {
      "weight": 1,
      "element": {
        "element_type": "minecraft:legacy_single_pool_element",
        "projection": "terrain_matching",
        "location": "kaisyn:village/island/streets/crossroad_1",
        "processors": "kaisyn:big_ass_processor"
      }
    },
    {
      "weight": 1,
      "element": {
        "element_type": "minecraft:legacy_single_pool_element",
        "projection": "terrain_matching",
        "location": "kaisyn:village/island/streets/crossroad_2",
        "processors": "kaisyn:big_ass_processor"
      }
    },
    {
      "weight": 1,
      "element": {
        "element_type": "minecraft:legacy_single_pool_element",
        "projection": "terrain_matching",
        "location": "kaisyn:village/island/streets/crossroad_3",
        "processors": "kaisyn:big_ass_processor"
      }
    },
    {
      "weight": 1,
      "element": {
        "element_type": "minecraft:legacy_single_pool_element",
        "projection": "terrain_matching",
        "location": "kaisyn:village/island/streets/straight_1",
        "processors": "kaisyn:big_ass_processor"
      }
    },
    {
      "weight": 1,
      "element": {
        "element_type": "minecraft:legacy_single_pool_element",
        "projection": "terrain_matching",
        "location": "kaisyn:village/island/streets/straight_2",
        "processors": "kaisyn:big_ass_processor"
      }
    }
  ]
}
