  {
  "name": "hopo:wood_aca_mineshaft",
  "fallback": "hopo:wood_aca_mineshaft",
  "elements": [
    {
      "weight": 100,
      "element": {
        "element_type": "minecraft:single_pool_element",
        "location": "hopo:mineshaft/wood_aca/path",
        "projection": "rigid",
        "processors": "hopo:wood_aca/degraded"
      }
    },
    {
      "weight": 100,
      "element": {
        "element_type": "minecraft:single_pool_element",
        "location": "hopo:mineshaft/wood_aca/path_alt",
        "projection": "rigid",
        "processors": "hopo:wood_aca/degraded"
      }
    },
    {
      "weight": 97,
      "element": {
        "element_type": "minecraft:single_pool_element",
        "location": "hopo:mineshaft/wood_aca/entrance",
        "projection": "rigid",
        "processors": "hopo:wood_aca/degraded"
      }
    },
    {
      "weight": 97,
      "element": {
        "element_type": "minecraft:single_pool_element",
        "location": "hopo:mineshaft/wood_aca/entrance_alt",
        "projection": "rigid",
        "processors": "hopo:wood_aca/degraded"
      }
    },  
    {
      "weight": 90,
      "element": {
        "element_type": "minecraft:single_pool_element",
        "location": "hopo:mineshaft/wood_aca/turn",
        "projection": "rigid",
        "processors": "hopo:wood_aca/degraded"
      }
    },
    {
      "weight": 75,
      "element": {
        "element_type": "minecraft:single_pool_element",
        "location": "hopo:mineshaft/wood_aca/down",
        "projection": "rigid",
        "processors": "hopo:wood_aca/degraded"
      }
    },
    {
      "weight": 75,
      "element": {
        "element_type": "minecraft:single_pool_element",
        "location": "hopo:mineshaft/wood_aca/down_2",
        "projection": "rigid",
        "processors": "hopo:wood_aca/degradeddown"
      }
    },
    {
      "weight": 100,
      "element": {
        "element_type": "minecraft:single_pool_element",
        "location": "hopo:mineshaft/wood_aca/room_amethyst",
        "projection": "rigid",
        "processors": "hopo:wood_aca/degraded_amethyst"
      }
    },
    {
      "weight": 100,
      "element": {
        "element_type": "minecraft:single_pool_element",
        "location": "hopo:mineshaft/wood_aca/room_archer",
        "projection": "rigid",
        "processors": "hopo:wood_aca/degraded_archer" 
      }
    },
    {
      "weight": 100,
      "element": {
        "element_type": "minecraft:single_pool_element",
        "location": "hopo:mineshaft/wood_aca/room_armor",
        "projection": "rigid",
        "processors": "hopo:wood_aca/degraded_armor"
      }
    },
    {
      "weight": 100,
      "element": {
        "element_type": "minecraft:single_pool_element",
        "location": "hopo:mineshaft/wood_aca/room_bedroom",
        "projection": "rigid",
        "processors": "hopo:wood_aca/degraded_bedroom" 
      }
    },
    {
      "weight": 100,
      "element": {
        "element_type": "minecraft:single_pool_element",
        "location": "hopo:mineshaft/wood_aca/room_books",
        "projection": "rigid",
        "processors": "hopo:wood_aca/degraded_books" 
      }
    },
    {
      "weight": 100,
      "element": {
        "element_type": "minecraft:single_pool_element",
        "location": "hopo:mineshaft/wood_aca/room_brown_mushroom",
        "projection": "rigid",
        "processors": "hopo:wood_aca/degraded_brown_mushroom" 
      }
    },
    {
      "weight": 100,
      "element": {
        "element_type": "minecraft:single_pool_element",
        "location": "hopo:mineshaft/wood_aca/room_copper",
        "projection": "rigid",
        "processors": "hopo:wood_aca/degraded_copper" 
      }
    },
    {
      "weight": 100,
      "element": {
        "element_type": "minecraft:single_pool_element",
        "location": "hopo:mineshaft/wood_aca/room_crafting",
        "projection": "rigid",
        "processors": "hopo:wood_aca/degraded_crafting" 
      }
    },
    {
      "weight": 100,
      "element": {
        "element_type": "minecraft:single_pool_element",
        "location": "hopo:mineshaft/wood_aca/room_emerald",
        "projection": "rigid",
        "processors": "hopo:wood_aca/degraded_emerald"
      }
    },
    {
      "weight": 100,
      "element": {
        "element_type": "minecraft:single_pool_element",
        "location": "hopo:mineshaft/wood_aca/room_food",
        "projection": "rigid",
        "processors": "hopo:wood_aca/degraded_food" 
      }
    },
    {
      "weight": 100,
      "element": {
        "element_type": "minecraft:single_pool_element",
        "location": "hopo:mineshaft/wood_aca/room_fossils",
        "projection": "rigid",
        "processors": "hopo:wood_aca/degraded_fossils" 
      }
    },
    {
      "weight": 100,
      "element": {
        "element_type": "minecraft:single_pool_element",
        "location": "hopo:mineshaft/wood_aca/room_gold",
        "projection": "rigid",
        "processors": "hopo:wood_aca/degraded_gold" 
      }
    },
    {
      "weight": 100,
      "element": {
        "element_type": "minecraft:single_pool_element",
        "location": "hopo:mineshaft/wood_aca/room_iron",
        "projection": "rigid",
        "processors": "hopo:wood_aca/degraded_iron" 
      }
    },
    {
      "weight": 100,
      "element": {
        "element_type": "minecraft:single_pool_element",
        "location": "hopo:mineshaft/wood_aca/room_lapis",
        "projection": "rigid",
        "processors": "hopo:wood_aca/degraded_lapis" 
      }
    },
    {
      "weight": 100,
      "element": {
        "element_type": "minecraft:single_pool_element",
        "location": "hopo:mineshaft/wood_aca/room_prison",
        "projection": "rigid",
        "processors": "hopo:wood_aca/degraded_prison" 
      }
    },
    {
      "weight": 100,
      "element": {
        "element_type": "minecraft:single_pool_element",
        "location": "hopo:mineshaft/wood_aca/room_red_mushroom",
        "projection": "rigid",
        "processors": "hopo:wood_aca/degraded_red_mushroom" 
      }
    },
    {
      "weight": 100,
      "element": {
        "element_type": "minecraft:single_pool_element",
        "location": "hopo:mineshaft/wood_aca/room_redstone",
        "projection": "rigid",
        "processors": "hopo:wood_aca/degraded_redstone" 
      }
    },
    {
      "weight": 100,
      "element": {
        "element_type": "minecraft:single_pool_element",
        "location": "hopo:mineshaft/wood_aca/room_rip",
        "projection": "rigid",
        "processors": "hopo:wood_aca/degraded_rip" 
      }
    },
    {
      "weight": 100,
      "element": {
        "element_type": "minecraft:single_pool_element",
        "location": "hopo:mineshaft/wood_aca/room_smelting",
        "projection": "rigid",
        "processors": "hopo:wood_aca/degraded_smelting" 
      }
    },
    {
      "weight": 100,
      "element": {
        "element_type": "minecraft:single_pool_element",
        "location": "hopo:mineshaft/wood_aca/room_tnt",
        "projection": "rigid",
        "processors": "hopo:wood_aca/degraded_tnt" 
      }
    },
    {
      "weight": 100,
      "element": {
        "element_type": "minecraft:single_pool_element",
        "location": "hopo:mineshaft/wood_aca/room_tools",
        "projection": "rigid",
        "processors": "hopo:wood_aca/degraded_tools" 
      }
    },
    {
      "weight": 100,
      "element": {
        "element_type": "minecraft:single_pool_element",
        "location": "hopo:mineshaft/wood_aca/room_weapons",
        "projection": "rigid",
        "processors": "hopo:wood_aca/degraded_weapons" 
      }
    }
  ]
}
