  {
  "name": "hopo:wood_dar_mineshaft",
  "fallback": "hopo:wood_dar_mineshaft",
  "elements": [
    {
      "weight": 100,
      "element": {
        "element_type": "minecraft:single_pool_element",
        "location": "hopo:mineshaft/wood_dar/path",
        "projection": "rigid",
        "processors": "hopo:wood_dar/degraded"
      }
    },
    {
      "weight": 100,
      "element": {
        "element_type": "minecraft:single_pool_element",
        "location": "hopo:mineshaft/wood_dar/path_alt",
        "projection": "rigid",
        "processors": "hopo:wood_dar/degraded"
      }
    },
    {
      "weight": 97,
      "element": {
        "element_type": "minecraft:single_pool_element",
        "location": "hopo:mineshaft/wood_dar/entrance",
        "projection": "rigid",
        "processors": "hopo:wood_dar/degraded"
      }
    },
    {
      "weight": 97,
      "element": {
        "element_type": "minecraft:single_pool_element",
        "location": "hopo:mineshaft/wood_dar/entrance_alt",
        "projection": "rigid",
        "processors": "hopo:wood_dar/degraded"
      }
    },  
    {
      "weight": 90,
      "element": {
        "element_type": "minecraft:single_pool_element",
        "location": "hopo:mineshaft/wood_dar/turn",
        "projection": "rigid",
        "processors": "hopo:wood_dar/degraded"
      }
    },
    {
      "weight": 75,
      "element": {
        "element_type": "minecraft:single_pool_element",
        "location": "hopo:mineshaft/wood_dar/down",
        "projection": "rigid",
        "processors": "hopo:wood_dar/degraded"
      }
    },
    {
      "weight": 75,
      "element": {
        "element_type": "minecraft:single_pool_element",
        "location": "hopo:mineshaft/wood_dar/down_2",
        "projection": "rigid",
        "processors": "hopo:wood_dar/degradeddown"
      }
    },
    {
      "weight": 100,
      "element": {
        "element_type": "minecraft:single_pool_element",
        "location": "hopo:mineshaft/wood_dar/room_amethyst",
        "projection": "rigid",
        "processors": "hopo:wood_dar/degraded_amethyst"
      }
    },
    {
      "weight": 100,
      "element": {
        "element_type": "minecraft:single_pool_element",
        "location": "hopo:mineshaft/wood_dar/room_archer",
        "projection": "rigid",
        "processors": "hopo:wood_dar/degraded_archer" 
      }
    },
    {
      "weight": 100,
      "element": {
        "element_type": "minecraft:single_pool_element",
        "location": "hopo:mineshaft/wood_dar/room_armor",
        "projection": "rigid",
        "processors": "hopo:wood_dar/degraded_armor"
      }
    },
    {
      "weight": 100,
      "element": {
        "element_type": "minecraft:single_pool_element",
        "location": "hopo:mineshaft/wood_dar/room_bedroom",
        "projection": "rigid",
        "processors": "hopo:wood_dar/degraded_bedroom" 
      }
    },
    {
      "weight": 100,
      "element": {
        "element_type": "minecraft:single_pool_element",
        "location": "hopo:mineshaft/wood_dar/room_books",
        "projection": "rigid",
        "processors": "hopo:wood_dar/degraded_books" 
      }
    },
    {
      "weight": 100,
      "element": {
        "element_type": "minecraft:single_pool_element",
        "location": "hopo:mineshaft/wood_dar/room_brown_mushroom",
        "projection": "rigid",
        "processors": "hopo:wood_dar/degraded_brown_mushroom" 
      }
    },
    {
      "weight": 100,
      "element": {
        "element_type": "minecraft:single_pool_element",
        "location": "hopo:mineshaft/wood_dar/room_copper",
        "projection": "rigid",
        "processors": "hopo:wood_dar/degraded_copper" 
      }
    },
    {
      "weight": 100,
      "element": {
        "element_type": "minecraft:single_pool_element",
        "location": "hopo:mineshaft/wood_dar/room_crafting",
        "projection": "rigid",
        "processors": "hopo:wood_dar/degraded_crafting" 
      }
    },
    {
      "weight": 100,
      "element": {
        "element_type": "minecraft:single_pool_element",
        "location": "hopo:mineshaft/wood_dar/room_emerald",
        "projection": "rigid",
        "processors": "hopo:wood_dar/degraded_emerald"
      }
    },
    {
      "weight": 100,
      "element": {
        "element_type": "minecraft:single_pool_element",
        "location": "hopo:mineshaft/wood_dar/room_food",
        "projection": "rigid",
        "processors": "hopo:wood_dar/degraded_food" 
      }
    },
    {
      "weight": 100,
      "element": {
        "element_type": "minecraft:single_pool_element",
        "location": "hopo:mineshaft/wood_dar/room_fossils",
        "projection": "rigid",
        "processors": "hopo:wood_dar/degraded_fossils" 
      }
    },
    {
      "weight": 100,
      "element": {
        "element_type": "minecraft:single_pool_element",
        "location": "hopo:mineshaft/wood_dar/room_gold",
        "projection": "rigid",
        "processors": "hopo:wood_dar/degraded_gold" 
      }
    },
    {
      "weight": 100,
      "element": {
        "element_type": "minecraft:single_pool_element",
        "location": "hopo:mineshaft/wood_dar/room_iron",
        "projection": "rigid",
        "processors": "hopo:wood_dar/degraded_iron" 
      }
    },
    {
      "weight": 100,
      "element": {
        "element_type": "minecraft:single_pool_element",
        "location": "hopo:mineshaft/wood_dar/room_lapis",
        "projection": "rigid",
        "processors": "hopo:wood_dar/degraded_lapis" 
      }
    },
    {
      "weight": 100,
      "element": {
        "element_type": "minecraft:single_pool_element",
        "location": "hopo:mineshaft/wood_dar/room_prison",
        "projection": "rigid",
        "processors": "hopo:wood_dar/degraded_prison" 
      }
    },
    {
      "weight": 100,
      "element": {
        "element_type": "minecraft:single_pool_element",
        "location": "hopo:mineshaft/wood_dar/room_red_mushroom",
        "projection": "rigid",
        "processors": "hopo:wood_dar/degraded_red_mushroom" 
      }
    },
    {
      "weight": 100,
      "element": {
        "element_type": "minecraft:single_pool_element",
        "location": "hopo:mineshaft/wood_dar/room_redstone",
        "projection": "rigid",
        "processors": "hopo:wood_dar/degraded_redstone" 
      }
    },
    {
      "weight": 100,
      "element": {
        "element_type": "minecraft:single_pool_element",
        "location": "hopo:mineshaft/wood_dar/room_rip",
        "projection": "rigid",
        "processors": "hopo:wood_dar/degraded_rip" 
      }
    },
    {
      "weight": 100,
      "element": {
        "element_type": "minecraft:single_pool_element",
        "location": "hopo:mineshaft/wood_dar/room_smelting",
        "projection": "rigid",
        "processors": "hopo:wood_dar/degraded_smelting" 
      }
    },
    {
      "weight": 100,
      "element": {
        "element_type": "minecraft:single_pool_element",
        "location": "hopo:mineshaft/wood_dar/room_tnt",
        "projection": "rigid",
        "processors": "hopo:wood_dar/degraded_tnt" 
      }
    },
    {
      "weight": 100,
      "element": {
        "element_type": "minecraft:single_pool_element",
        "location": "hopo:mineshaft/wood_dar/room_tools",
        "projection": "rigid",
        "processors": "hopo:wood_dar/degraded_tools" 
      }
    },
    {
      "weight": 100,
      "element": {
        "element_type": "minecraft:single_pool_element",
        "location": "hopo:mineshaft/wood_dar/room_weapons",
        "projection": "rigid",
        "processors": "hopo:wood_dar/degraded_weapons" 
      }
    }
  ]
}
