  {
  "name": "hopo:wood_spr_mineshaft",
  "fallback": "hopo:wood_spr_mineshaft",
  "elements": [
    {
      "weight": 100,
      "element": {
        "element_type": "minecraft:single_pool_element",
        "location": "hopo:mineshaft/wood_spr/path",
        "projection": "rigid",
        "processors": "hopo:wood_spr/degraded"
      }
    },
    {
      "weight": 100,
      "element": {
        "element_type": "minecraft:single_pool_element",
        "location": "hopo:mineshaft/wood_spr/path_alt",
        "projection": "rigid",
        "processors": "hopo:wood_spr/degraded"
      }
    },
    {
      "weight": 97,
      "element": {
        "element_type": "minecraft:single_pool_element",
        "location": "hopo:mineshaft/wood_spr/entrance",
        "projection": "rigid",
        "processors": "hopo:wood_spr/degraded"
      }
    },
    {
      "weight": 97,
      "element": {
        "element_type": "minecraft:single_pool_element",
        "location": "hopo:mineshaft/wood_spr/entrance_alt",
        "projection": "rigid",
        "processors": "hopo:wood_spr/degraded"
      }
    },  
    {
      "weight": 90,
      "element": {
        "element_type": "minecraft:single_pool_element",
        "location": "hopo:mineshaft/wood_spr/turn",
        "projection": "rigid",
        "processors": "hopo:wood_spr/degraded"
      }
    },
    {
      "weight": 75,
      "element": {
        "element_type": "minecraft:single_pool_element",
        "location": "hopo:mineshaft/wood_spr/down",
        "projection": "rigid",
        "processors": "hopo:wood_spr/degraded"
      }
    },
    {
      "weight": 75,
      "element": {
        "element_type": "minecraft:single_pool_element",
        "location": "hopo:mineshaft/wood_spr/down_2",
        "projection": "rigid",
        "processors": "hopo:wood_spr/degradeddown"
      }
    },
    {
      "weight": 100,
      "element": {
        "element_type": "minecraft:single_pool_element",
        "location": "hopo:mineshaft/wood_spr/room_amethyst",
        "projection": "rigid",
        "processors": "hopo:wood_spr/degraded_amethyst"
      }
    },
    {
      "weight": 100,
      "element": {
        "element_type": "minecraft:single_pool_element",
        "location": "hopo:mineshaft/wood_spr/room_archer",
        "projection": "rigid",
        "processors": "hopo:wood_spr/degraded_archer" 
      }
    },
    {
      "weight": 100,
      "element": {
        "element_type": "minecraft:single_pool_element",
        "location": "hopo:mineshaft/wood_spr/room_armor",
        "projection": "rigid",
        "processors": "hopo:wood_spr/degraded_armor"
      }
    },
    {
      "weight": 100,
      "element": {
        "element_type": "minecraft:single_pool_element",
        "location": "hopo:mineshaft/wood_spr/room_bedroom",
        "projection": "rigid",
        "processors": "hopo:wood_spr/degraded_bedroom" 
      }
    },
    {
      "weight": 100,
      "element": {
        "element_type": "minecraft:single_pool_element",
        "location": "hopo:mineshaft/wood_spr/room_books",
        "projection": "rigid",
        "processors": "hopo:wood_spr/degraded_books" 
      }
    },
    {
      "weight": 100,
      "element": {
        "element_type": "minecraft:single_pool_element",
        "location": "hopo:mineshaft/wood_spr/room_brown_mushroom",
        "projection": "rigid",
        "processors": "hopo:wood_spr/degraded_brown_mushroom" 
      }
    },
    {
      "weight": 100,
      "element": {
        "element_type": "minecraft:single_pool_element",
        "location": "hopo:mineshaft/wood_spr/room_copper",
        "projection": "rigid",
        "processors": "hopo:wood_spr/degraded_copper" 
      }
    },
    {
      "weight": 100,
      "element": {
        "element_type": "minecraft:single_pool_element",
        "location": "hopo:mineshaft/wood_spr/room_crafting",
        "projection": "rigid",
        "processors": "hopo:wood_spr/degraded_crafting" 
      }
    },
    {
      "weight": 100,
      "element": {
        "element_type": "minecraft:single_pool_element",
        "location": "hopo:mineshaft/wood_spr/room_emerald",
        "projection": "rigid",
        "processors": "hopo:wood_spr/degraded_emerald"
      }
    },
    {
      "weight": 100,
      "element": {
        "element_type": "minecraft:single_pool_element",
        "location": "hopo:mineshaft/wood_spr/room_food",
        "projection": "rigid",
        "processors": "hopo:wood_spr/degraded_food" 
      }
    },
    {
      "weight": 100,
      "element": {
        "element_type": "minecraft:single_pool_element",
        "location": "hopo:mineshaft/wood_spr/room_fossils",
        "projection": "rigid",
        "processors": "hopo:wood_spr/degraded_fossils" 
      }
    },
    {
      "weight": 100,
      "element": {
        "element_type": "minecraft:single_pool_element",
        "location": "hopo:mineshaft/wood_spr/room_gold",
        "projection": "rigid",
        "processors": "hopo:wood_spr/degraded_gold" 
      }
    },
    {
      "weight": 100,
      "element": {
        "element_type": "minecraft:single_pool_element",
        "location": "hopo:mineshaft/wood_spr/room_iron",
        "projection": "rigid",
        "processors": "hopo:wood_spr/degraded_iron" 
      }
    },
    {
      "weight": 100,
      "element": {
        "element_type": "minecraft:single_pool_element",
        "location": "hopo:mineshaft/wood_spr/room_lapis",
        "projection": "rigid",
        "processors": "hopo:wood_spr/degraded_lapis" 
      }
    },
    {
      "weight": 100,
      "element": {
        "element_type": "minecraft:single_pool_element",
        "location": "hopo:mineshaft/wood_spr/room_prison",
        "projection": "rigid",
        "processors": "hopo:wood_spr/degraded_prison" 
      }
    },
    {
      "weight": 100,
      "element": {
        "element_type": "minecraft:single_pool_element",
        "location": "hopo:mineshaft/wood_spr/room_red_mushroom",
        "projection": "rigid",
        "processors": "hopo:wood_spr/degraded_red_mushroom" 
      }
    },
    {
      "weight": 100,
      "element": {
        "element_type": "minecraft:single_pool_element",
        "location": "hopo:mineshaft/wood_spr/room_redstone",
        "projection": "rigid",
        "processors": "hopo:wood_spr/degraded_redstone" 
      }
    },
    {
      "weight": 100,
      "element": {
        "element_type": "minecraft:single_pool_element",
        "location": "hopo:mineshaft/wood_spr/room_rip",
        "projection": "rigid",
        "processors": "hopo:wood_spr/degraded_rip" 
      }
    },
    {
      "weight": 100,
      "element": {
        "element_type": "minecraft:single_pool_element",
        "location": "hopo:mineshaft/wood_spr/room_smelting",
        "projection": "rigid",
        "processors": "hopo:wood_spr/degraded_smelting" 
      }
    },
    {
      "weight": 100,
      "element": {
        "element_type": "minecraft:single_pool_element",
        "location": "hopo:mineshaft/wood_spr/room_tnt",
        "projection": "rigid",
        "processors": "hopo:wood_spr/degraded_tnt" 
      }
    },
    {
      "weight": 100,
      "element": {
        "element_type": "minecraft:single_pool_element",
        "location": "hopo:mineshaft/wood_spr/room_tools",
        "projection": "rigid",
        "processors": "hopo:wood_spr/degraded_tools" 
      }
    },
    {
      "weight": 100,
      "element": {
        "element_type": "minecraft:single_pool_element",
        "location": "hopo:mineshaft/wood_spr/room_weapons",
        "projection": "rigid",
        "processors": "hopo:wood_spr/degraded_weapons" 
      }
    }
  ]
}
