  {
  "name": "hopo:wood_oak_mineshaft",
  "fallback": "hopo:wood_oak_mineshaft",
  "elements": [
    {
      "weight": 100,
      "element": {
        "element_type": "minecraft:single_pool_element",
        "location": "hopo:mineshaft/wood_oak/path",
        "projection": "rigid",
        "processors": "hopo:wood_oak/degraded"
      }
    },
    {
      "weight": 100,
      "element": {
        "element_type": "minecraft:single_pool_element",
        "location": "hopo:mineshaft/wood_oak/path_alt",
        "projection": "rigid",
        "processors": "hopo:wood_oak/degraded"
      }
    },
    {
      "weight": 97,
      "element": {
        "element_type": "minecraft:single_pool_element",
        "location": "hopo:mineshaft/wood_oak/entrance",
        "projection": "rigid",
        "processors": "hopo:wood_oak/degraded"
      }
    },
    {
      "weight": 97,
      "element": {
        "element_type": "minecraft:single_pool_element",
        "location": "hopo:mineshaft/wood_oak/entrance_alt",
        "projection": "rigid",
        "processors": "hopo:wood_oak/degraded"
      }
    },  
    {
      "weight": 90,
      "element": {
        "element_type": "minecraft:single_pool_element",
        "location": "hopo:mineshaft/wood_oak/turn",
        "projection": "rigid",
        "processors": "hopo:wood_oak/degraded"
      }
    },
    {
      "weight": 75,
      "element": {
        "element_type": "minecraft:single_pool_element",
        "location": "hopo:mineshaft/wood_oak/down",
        "projection": "rigid",
        "processors": "hopo:wood_oak/degraded"
      }
    },
    {
      "weight": 75,
      "element": {
        "element_type": "minecraft:single_pool_element",
        "location": "hopo:mineshaft/wood_oak/down_2",
        "projection": "rigid",
        "processors": "hopo:wood_oak/degradeddown"
      }
    },
    {
      "weight": 100,
      "element": {
        "element_type": "minecraft:single_pool_element",
        "location": "hopo:mineshaft/wood_oak/room_amethyst",
        "projection": "rigid",
        "processors": "hopo:wood_oak/degraded_amethyst"
      }
    },
    {
      "weight": 100,
      "element": {
        "element_type": "minecraft:single_pool_element",
        "location": "hopo:mineshaft/wood_oak/room_archer",
        "projection": "rigid",
        "processors": "hopo:wood_oak/degraded_archer" 
      }
    },
    {
      "weight": 100,
      "element": {
        "element_type": "minecraft:single_pool_element",
        "location": "hopo:mineshaft/wood_oak/room_armor",
        "projection": "rigid",
        "processors": "hopo:wood_oak/degraded_armor"
      }
    },
    {
      "weight": 100,
      "element": {
        "element_type": "minecraft:single_pool_element",
        "location": "hopo:mineshaft/wood_oak/room_bedroom",
        "projection": "rigid",
        "processors": "hopo:wood_oak/degraded_bedroom" 
      }
    },
    {
      "weight": 100,
      "element": {
        "element_type": "minecraft:single_pool_element",
        "location": "hopo:mineshaft/wood_oak/room_books",
        "projection": "rigid",
        "processors": "hopo:wood_oak/degraded_books" 
      }
    },
    {
      "weight": 100,
      "element": {
        "element_type": "minecraft:single_pool_element",
        "location": "hopo:mineshaft/wood_oak/room_brown_mushroom",
        "projection": "rigid",
        "processors": "hopo:wood_oak/degraded_brown_mushroom" 
      }
    },
    {
      "weight": 100,
      "element": {
        "element_type": "minecraft:single_pool_element",
        "location": "hopo:mineshaft/wood_oak/room_copper",
        "projection": "rigid",
        "processors": "hopo:wood_oak/degraded_copper" 
      }
    },
    {
      "weight": 100,
      "element": {
        "element_type": "minecraft:single_pool_element",
        "location": "hopo:mineshaft/wood_oak/room_crafting",
        "projection": "rigid",
        "processors": "hopo:wood_oak/degraded_crafting" 
      }
    },
    {
      "weight": 100,
      "element": {
        "element_type": "minecraft:single_pool_element",
        "location": "hopo:mineshaft/wood_oak/room_emerald",
        "projection": "rigid",
        "processors": "hopo:wood_oak/degraded_emerald"
      }
    },
    {
      "weight": 100,
      "element": {
        "element_type": "minecraft:single_pool_element",
        "location": "hopo:mineshaft/wood_oak/room_food",
        "projection": "rigid",
        "processors": "hopo:wood_oak/degraded_food" 
      }
    },
    {
      "weight": 100,
      "element": {
        "element_type": "minecraft:single_pool_element",
        "location": "hopo:mineshaft/wood_oak/room_fossils",
        "projection": "rigid",
        "processors": "hopo:wood_oak/degraded_fossils" 
      }
    },
    {
      "weight": 100,
      "element": {
        "element_type": "minecraft:single_pool_element",
        "location": "hopo:mineshaft/wood_oak/room_gold",
        "projection": "rigid",
        "processors": "hopo:wood_oak/degraded_gold" 
      }
    },
    {
      "weight": 100,
      "element": {
        "element_type": "minecraft:single_pool_element",
        "location": "hopo:mineshaft/wood_oak/room_iron",
        "projection": "rigid",
        "processors": "hopo:wood_oak/degraded_iron" 
      }
    },
    {
      "weight": 100,
      "element": {
        "element_type": "minecraft:single_pool_element",
        "location": "hopo:mineshaft/wood_oak/room_lapis",
        "projection": "rigid",
        "processors": "hopo:wood_oak/degraded_lapis" 
      }
    },
    {
      "weight": 100,
      "element": {
        "element_type": "minecraft:single_pool_element",
        "location": "hopo:mineshaft/wood_oak/room_prison",
        "projection": "rigid",
        "processors": "hopo:wood_oak/degraded_prison" 
      }
    },
    {
      "weight": 100,
      "element": {
        "element_type": "minecraft:single_pool_element",
        "location": "hopo:mineshaft/wood_oak/room_red_mushroom",
        "projection": "rigid",
        "processors": "hopo:wood_oak/degraded_red_mushroom" 
      }
    },
    {
      "weight": 100,
      "element": {
        "element_type": "minecraft:single_pool_element",
        "location": "hopo:mineshaft/wood_oak/room_redstone",
        "projection": "rigid",
        "processors": "hopo:wood_oak/degraded_redstone" 
      }
    },
    {
      "weight": 100,
      "element": {
        "element_type": "minecraft:single_pool_element",
        "location": "hopo:mineshaft/wood_oak/room_rip",
        "projection": "rigid",
        "processors": "hopo:wood_oak/degraded_rip" 
      }
    },
    {
      "weight": 100,
      "element": {
        "element_type": "minecraft:single_pool_element",
        "location": "hopo:mineshaft/wood_oak/room_smelting",
        "projection": "rigid",
        "processors": "hopo:wood_oak/degraded_smelting" 
      }
    },
    {
      "weight": 100,
      "element": {
        "element_type": "minecraft:single_pool_element",
        "location": "hopo:mineshaft/wood_oak/room_tnt",
        "projection": "rigid",
        "processors": "hopo:wood_oak/degraded_tnt" 
      }
    },
    {
      "weight": 100,
      "element": {
        "element_type": "minecraft:single_pool_element",
        "location": "hopo:mineshaft/wood_oak/room_tools",
        "projection": "rigid",
        "processors": "hopo:wood_oak/degraded_tools" 
      }
    },
    {
      "weight": 100,
      "element": {
        "element_type": "minecraft:single_pool_element",
        "location": "hopo:mineshaft/wood_oak/room_weapons",
        "projection": "rigid",
        "processors": "hopo:wood_oak/degraded_weapons" 
      }
    }
  ]
}
