  {
  "name": "hopo:wood_bir_mineshaft",
  "fallback": "hopo:wood_bir_mineshaft",
  "elements": [
    {
      "weight": 100,
      "element": {
        "element_type": "minecraft:single_pool_element",
        "location": "hopo:mineshaft/wood_bir/path",
        "projection": "rigid",
        "processors": "hopo:wood_bir/degraded"
      }
    },
    {
      "weight": 100,
      "element": {
        "element_type": "minecraft:single_pool_element",
        "location": "hopo:mineshaft/wood_bir/path_alt",
        "projection": "rigid",
        "processors": "hopo:wood_bir/degraded"
      }
    },
    {
      "weight": 97,
      "element": {
        "element_type": "minecraft:single_pool_element",
        "location": "hopo:mineshaft/wood_bir/entrance",
        "projection": "rigid",
        "processors": "hopo:wood_bir/degraded"
      }
    },
    {
      "weight": 97,
      "element": {
        "element_type": "minecraft:single_pool_element",
        "location": "hopo:mineshaft/wood_bir/entrance_alt",
        "projection": "rigid",
        "processors": "hopo:wood_bir/degraded"
      }
    },  
    {
      "weight": 90,
      "element": {
        "element_type": "minecraft:single_pool_element",
        "location": "hopo:mineshaft/wood_bir/turn",
        "projection": "rigid",
        "processors": "hopo:wood_bir/degraded"
      }
    },
    {
      "weight": 75,
      "element": {
        "element_type": "minecraft:single_pool_element",
        "location": "hopo:mineshaft/wood_bir/down",
        "projection": "rigid",
        "processors": "hopo:wood_bir/degraded"
      }
    },
    {
      "weight": 75,
      "element": {
        "element_type": "minecraft:single_pool_element",
        "location": "hopo:mineshaft/wood_bir/down_2",
        "projection": "rigid",
        "processors": "hopo:wood_bir/degradeddown"
      }
    },
    {
      "weight": 100,
      "element": {
        "element_type": "minecraft:single_pool_element",
        "location": "hopo:mineshaft/wood_bir/room_amethyst",
        "projection": "rigid",
        "processors": "hopo:wood_bir/degraded_amethyst"
      }
    },
    {
      "weight": 100,
      "element": {
        "element_type": "minecraft:single_pool_element",
        "location": "hopo:mineshaft/wood_bir/room_archer",
        "projection": "rigid",
        "processors": "hopo:wood_bir/degraded_archer" 
      }
    },
    {
      "weight": 100,
      "element": {
        "element_type": "minecraft:single_pool_element",
        "location": "hopo:mineshaft/wood_bir/room_armor",
        "projection": "rigid",
        "processors": "hopo:wood_bir/degraded_armor"
      }
    },
    {
      "weight": 100,
      "element": {
        "element_type": "minecraft:single_pool_element",
        "location": "hopo:mineshaft/wood_bir/room_bedroom",
        "projection": "rigid",
        "processors": "hopo:wood_bir/degraded_bedroom" 
      }
    },
    {
      "weight": 100,
      "element": {
        "element_type": "minecraft:single_pool_element",
        "location": "hopo:mineshaft/wood_bir/room_books",
        "projection": "rigid",
        "processors": "hopo:wood_bir/degraded_books" 
      }
    },
    {
      "weight": 100,
      "element": {
        "element_type": "minecraft:single_pool_element",
        "location": "hopo:mineshaft/wood_bir/room_brown_mushroom",
        "projection": "rigid",
        "processors": "hopo:wood_bir/degraded_brown_mushroom" 
      }
    },
    {
      "weight": 100,
      "element": {
        "element_type": "minecraft:single_pool_element",
        "location": "hopo:mineshaft/wood_bir/room_copper",
        "projection": "rigid",
        "processors": "hopo:wood_bir/degraded_copper" 
      }
    },
    {
      "weight": 100,
      "element": {
        "element_type": "minecraft:single_pool_element",
        "location": "hopo:mineshaft/wood_bir/room_crafting",
        "projection": "rigid",
        "processors": "hopo:wood_bir/degraded_crafting" 
      }
    },
    {
      "weight": 100,
      "element": {
        "element_type": "minecraft:single_pool_element",
        "location": "hopo:mineshaft/wood_bir/room_emerald",
        "projection": "rigid",
        "processors": "hopo:wood_bir/degraded_emerald"
      }
    },
    {
      "weight": 100,
      "element": {
        "element_type": "minecraft:single_pool_element",
        "location": "hopo:mineshaft/wood_bir/room_food",
        "projection": "rigid",
        "processors": "hopo:wood_bir/degraded_food" 
      }
    },
    {
      "weight": 100,
      "element": {
        "element_type": "minecraft:single_pool_element",
        "location": "hopo:mineshaft/wood_bir/room_fossils",
        "projection": "rigid",
        "processors": "hopo:wood_bir/degraded_fossils" 
      }
    },
    {
      "weight": 100,
      "element": {
        "element_type": "minecraft:single_pool_element",
        "location": "hopo:mineshaft/wood_bir/room_gold",
        "projection": "rigid",
        "processors": "hopo:wood_bir/degraded_gold" 
      }
    },
    {
      "weight": 100,
      "element": {
        "element_type": "minecraft:single_pool_element",
        "location": "hopo:mineshaft/wood_bir/room_iron",
        "projection": "rigid",
        "processors": "hopo:wood_bir/degraded_iron" 
      }
    },
    {
      "weight": 100,
      "element": {
        "element_type": "minecraft:single_pool_element",
        "location": "hopo:mineshaft/wood_bir/room_lapis",
        "projection": "rigid",
        "processors": "hopo:wood_bir/degraded_lapis" 
      }
    },
    {
      "weight": 100,
      "element": {
        "element_type": "minecraft:single_pool_element",
        "location": "hopo:mineshaft/wood_bir/room_prison",
        "projection": "rigid",
        "processors": "hopo:wood_bir/degraded_prison" 
      }
    },
    {
      "weight": 100,
      "element": {
        "element_type": "minecraft:single_pool_element",
        "location": "hopo:mineshaft/wood_bir/room_red_mushroom",
        "projection": "rigid",
        "processors": "hopo:wood_bir/degraded_red_mushroom" 
      }
    },
    {
      "weight": 100,
      "element": {
        "element_type": "minecraft:single_pool_element",
        "location": "hopo:mineshaft/wood_bir/room_redstone",
        "projection": "rigid",
        "processors": "hopo:wood_bir/degraded_redstone" 
      }
    },
    {
      "weight": 100,
      "element": {
        "element_type": "minecraft:single_pool_element",
        "location": "hopo:mineshaft/wood_bir/room_rip",
        "projection": "rigid",
        "processors": "hopo:wood_bir/degraded_rip" 
      }
    },
    {
      "weight": 100,
      "element": {
        "element_type": "minecraft:single_pool_element",
        "location": "hopo:mineshaft/wood_bir/room_smelting",
        "projection": "rigid",
        "processors": "hopo:wood_bir/degraded_smelting" 
      }
    },
    {
      "weight": 100,
      "element": {
        "element_type": "minecraft:single_pool_element",
        "location": "hopo:mineshaft/wood_bir/room_tnt",
        "projection": "rigid",
        "processors": "hopo:wood_bir/degraded_tnt" 
      }
    },
    {
      "weight": 100,
      "element": {
        "element_type": "minecraft:single_pool_element",
        "location": "hopo:mineshaft/wood_bir/room_tools",
        "projection": "rigid",
        "processors": "hopo:wood_bir/degraded_tools" 
      }
    },
    {
      "weight": 100,
      "element": {
        "element_type": "minecraft:single_pool_element",
        "location": "hopo:mineshaft/wood_bir/room_weapons",
        "projection": "rigid",
        "processors": "hopo:wood_bir/degraded_weapons" 
      }
    }
  ]
}
