  {
  "name": "hopo:wood_jun_mineshaft",
  "fallback": "hopo:wood_jun_mineshaft",
  "elements": [
    {
      "weight": 100,
      "element": {
        "element_type": "minecraft:single_pool_element",
        "location": "hopo:mineshaft/wood_jun/path",
        "projection": "rigid",
        "processors": "hopo:wood_jun/degraded"
      }
    },
    {
      "weight": 100,
      "element": {
        "element_type": "minecraft:single_pool_element",
        "location": "hopo:mineshaft/wood_jun/path_alt",
        "projection": "rigid",
        "processors": "hopo:wood_jun/degraded"
      }
    },
    {
      "weight": 97,
      "element": {
        "element_type": "minecraft:single_pool_element",
        "location": "hopo:mineshaft/wood_jun/entrance",
        "projection": "rigid",
        "processors": "hopo:wood_jun/degraded"
      }
    },
    {
      "weight": 97,
      "element": {
        "element_type": "minecraft:single_pool_element",
        "location": "hopo:mineshaft/wood_jun/entrance_alt",
        "projection": "rigid",
        "processors": "hopo:wood_jun/degraded"
      }
    },  
    {
      "weight": 90,
      "element": {
        "element_type": "minecraft:single_pool_element",
        "location": "hopo:mineshaft/wood_jun/turn",
        "projection": "rigid",
        "processors": "hopo:wood_jun/degraded"
      }
    },
    {
      "weight": 75,
      "element": {
        "element_type": "minecraft:single_pool_element",
        "location": "hopo:mineshaft/wood_jun/down",
        "projection": "rigid",
        "processors": "hopo:wood_jun/degraded"
      }
    },
    {
      "weight": 75,
      "element": {
        "element_type": "minecraft:single_pool_element",
        "location": "hopo:mineshaft/wood_jun/down_2",
        "projection": "rigid",
        "processors": "hopo:wood_jun/degradeddown"
      }
    },
    {
      "weight": 100,
      "element": {
        "element_type": "minecraft:single_pool_element",
        "location": "hopo:mineshaft/wood_jun/room_amethyst",
        "projection": "rigid",
        "processors": "hopo:wood_jun/degraded_amethyst"
      }
    },
    {
      "weight": 100,
      "element": {
        "element_type": "minecraft:single_pool_element",
        "location": "hopo:mineshaft/wood_jun/room_archer",
        "projection": "rigid",
        "processors": "hopo:wood_jun/degraded_archer" 
      }
    },
    {
      "weight": 100,
      "element": {
        "element_type": "minecraft:single_pool_element",
        "location": "hopo:mineshaft/wood_jun/room_armor",
        "projection": "rigid",
        "processors": "hopo:wood_jun/degraded_armor"
      }
    },
    {
      "weight": 100,
      "element": {
        "element_type": "minecraft:single_pool_element",
        "location": "hopo:mineshaft/wood_jun/room_bedroom",
        "projection": "rigid",
        "processors": "hopo:wood_jun/degraded_bedroom" 
      }
    },
    {
      "weight": 100,
      "element": {
        "element_type": "minecraft:single_pool_element",
        "location": "hopo:mineshaft/wood_jun/room_books",
        "projection": "rigid",
        "processors": "hopo:wood_jun/degraded_books" 
      }
    },
    {
      "weight": 100,
      "element": {
        "element_type": "minecraft:single_pool_element",
        "location": "hopo:mineshaft/wood_jun/room_brown_mushroom",
        "projection": "rigid",
        "processors": "hopo:wood_jun/degraded_brown_mushroom" 
      }
    },
    {
      "weight": 100,
      "element": {
        "element_type": "minecraft:single_pool_element",
        "location": "hopo:mineshaft/wood_jun/room_copper",
        "projection": "rigid",
        "processors": "hopo:wood_jun/degraded_copper" 
      }
    },
    {
      "weight": 100,
      "element": {
        "element_type": "minecraft:single_pool_element",
        "location": "hopo:mineshaft/wood_jun/room_crafting",
        "projection": "rigid",
        "processors": "hopo:wood_jun/degraded_crafting" 
      }
    },
    {
      "weight": 100,
      "element": {
        "element_type": "minecraft:single_pool_element",
        "location": "hopo:mineshaft/wood_jun/room_emerald",
        "projection": "rigid",
        "processors": "hopo:wood_jun/degraded_emerald"
      }
    },
    {
      "weight": 100,
      "element": {
        "element_type": "minecraft:single_pool_element",
        "location": "hopo:mineshaft/wood_jun/room_food",
        "projection": "rigid",
        "processors": "hopo:wood_jun/degraded_food" 
      }
    },
    {
      "weight": 100,
      "element": {
        "element_type": "minecraft:single_pool_element",
        "location": "hopo:mineshaft/wood_jun/room_fossils",
        "projection": "rigid",
        "processors": "hopo:wood_jun/degraded_fossils" 
      }
    },
    {
      "weight": 100,
      "element": {
        "element_type": "minecraft:single_pool_element",
        "location": "hopo:mineshaft/wood_jun/room_gold",
        "projection": "rigid",
        "processors": "hopo:wood_jun/degraded_gold" 
      }
    },
    {
      "weight": 100,
      "element": {
        "element_type": "minecraft:single_pool_element",
        "location": "hopo:mineshaft/wood_jun/room_iron",
        "projection": "rigid",
        "processors": "hopo:wood_jun/degraded_iron" 
      }
    },
    {
      "weight": 100,
      "element": {
        "element_type": "minecraft:single_pool_element",
        "location": "hopo:mineshaft/wood_jun/room_lapis",
        "projection": "rigid",
        "processors": "hopo:wood_jun/degraded_lapis" 
      }
    },
    {
      "weight": 100,
      "element": {
        "element_type": "minecraft:single_pool_element",
        "location": "hopo:mineshaft/wood_jun/room_prison",
        "projection": "rigid",
        "processors": "hopo:wood_jun/degraded_prison" 
      }
    },
    {
      "weight": 100,
      "element": {
        "element_type": "minecraft:single_pool_element",
        "location": "hopo:mineshaft/wood_jun/room_red_mushroom",
        "projection": "rigid",
        "processors": "hopo:wood_jun/degraded_red_mushroom" 
      }
    },
    {
      "weight": 100,
      "element": {
        "element_type": "minecraft:single_pool_element",
        "location": "hopo:mineshaft/wood_jun/room_redstone",
        "projection": "rigid",
        "processors": "hopo:wood_jun/degraded_redstone" 
      }
    },
    {
      "weight": 100,
      "element": {
        "element_type": "minecraft:single_pool_element",
        "location": "hopo:mineshaft/wood_jun/room_rip",
        "projection": "rigid",
        "processors": "hopo:wood_jun/degraded_rip" 
      }
    },
    {
      "weight": 100,
      "element": {
        "element_type": "minecraft:single_pool_element",
        "location": "hopo:mineshaft/wood_jun/room_smelting",
        "projection": "rigid",
        "processors": "hopo:wood_jun/degraded_smelting" 
      }
    },
    {
      "weight": 100,
      "element": {
        "element_type": "minecraft:single_pool_element",
        "location": "hopo:mineshaft/wood_jun/room_tnt",
        "projection": "rigid",
        "processors": "hopo:wood_jun/degraded_tnt" 
      }
    },
    {
      "weight": 100,
      "element": {
        "element_type": "minecraft:single_pool_element",
        "location": "hopo:mineshaft/wood_jun/room_tools",
        "projection": "rigid",
        "processors": "hopo:wood_jun/degraded_tools" 
      }
    },
    {
      "weight": 100,
      "element": {
        "element_type": "minecraft:single_pool_element",
        "location": "hopo:mineshaft/wood_jun/room_weapons",
        "projection": "rigid",
        "processors": "hopo:wood_jun/degraded_weapons" 
      }
    }
  ]
}
