{
  "type": "minecraft:jigsaw",
  "biomes": "#prototypedungeons:pillager_castle_biomes",
  "step": "surface_structures",
"spawn_overrides": {
    "monster": {
      "bounding_box": "full",
      "spawns": [
        {
          "type": "minecraft:pillager",
          "weight": 1,
          "minCount": 1,
          "maxCount": 1
        },
		{
          "type": "minecraft:vindicator",
          "weight": 1,
          "minCount": 1,
          "maxCount": 1
        }
      ]
    }
  },
  "start_pool": "prototypedungeons:corridor_top",
  "size": 7,
  "terrain_adaptation": "beard_thin",
  "start_height": {
    "absolute": 0
  },
  "project_start_to_heightmap": "WORLD_SURFACE_WG",
  "max_distance_from_center": 116,
  "use_expansion_hack": true
}