{
  "structures": [
    {
      "structure": "minecraft:village_plains",
      "weight": 1
    },
    {
      "structure": "minecraft:village_desert",
      "weight": 1
    },
    {
      "structure": "minecraft:village_savanna",
      "weight": 1
    },
    {
      "structure": "minecraft:village_snowy",
      "weight": 1
    },
    {
      "structure": "minecraft:village_taiga",
      "weight": 1
    }
  ],
  "placement": {
    "salt": 10387312,
    "spacing": 34,
    "separation": 8,
    "type": "minecraft:random_spread"
  }
}