{
  "name": "kaisyn:outpost/winery/field",
  "fallback": "minecraft:empty",
  "elements": [
    {
      "weight": 1,
      "element": {
        "element_type": "minecraft:legacy_single_pool_element",
        "projection": "terrain_matching",
        "location": "kaisyn:outpost/winery/field_1",
        "processors": "minecraft:empty"
      }
    },
    {
      "weight": 1,
      "element": {
        "element_type": "minecraft:legacy_single_pool_element",
        "projection": "rigid",
        "location": "kaisyn:outpost/winery/field_2",
        "processors": "minecraft:empty"
      }
    }
  ]
}
